SETTORE,SOTTOCATEGORIA,AZIENDA,PROVINCIA,SITO,TELEFONO,MAIL_GENERICA,NOME_DECISORE,RUOLO,LINKEDIN_DECISORE,SEGNALI_CRM,PRIORITA,FONTE_VERIFICA,DATA_INSERIMENTO
Agroalimentare Montano,Distribuzione formaggi/salumi per HORECA-GDO,Tessaro S.p.A. (Gruppo Madia),Belluno,https://www.tessaroformaggi.it,0439 56347,info@tessaroformaggi.it,n.d.,Amministratore Delegato,n.d.,"Distribuzione B2B specializzata Ho.Re.Ca., GDO",ALTA,https://www.tessaroformaggi.it/azienda/storia-e-valori/,seed-import
Agroalimentare Montano,Ingrosso alimentare cash\&carry per HORECA,Valbelluna Due Cash & Carry S.r.l.,Belluno,https://valbelluna.eu,0437 31070,info@valbelluna.eu,Denis Venturin,Titolare,https://it.linkedin.com/in/denis-venturin-57a669138,Cash\&carry all'ingrosso dedicato a HORECA,ALTA,https://valbelluna.eu,seed-import
Lattiero-caseario,Cooperativa lattiero-casearia (GDO/HORECA/Export),Lattebusche S.c.a.,Belluno,https://www.lattebusche.com,\+39 0439 3191,info@lattebusche.it,Antonio Bortoli,Direttore Generale,n.d.,"Cooperativa leader, 6 stabilimenti, rete retail ""Bar Bianco""",ALTA,https://www.lattebusche.com/contatti/,seed-import
Legno/Arredo,"Segheria industriale e costruzioni in legno (centro taglio, strutture industriali)",Brancher S.r.l. (Brancher Legnami),Belluno,https://www.brancherlegnami.com,0437 757104,info@brancherlegnami.com,n.d.,n.d.,n.d.,"Azienda leader locale/nazionale da oltre 60 anni, 3 brand (Forwood, Structura, Kokkola)",ALTA,https://www.brancherlegnami.com/azienda/,seed-import
Legno/Arredo,"Segheria industriale, centro taglio e carpenteria legno",F.lli Saviane di Pompeo S.r.l. (Saviane Industria Legnami),Belluno,https://www.savianelegno.it,0437 4215,info@savianelegno.it,Elia Saviane,Responsabile Commerciale,n.d.,"Reparti distinti con referenti dedicati, sede di 20.000 mq, attiva dal 1945",ALTA,https://www.savianelegno.it/contatti/,seed-import
Legno/Arredo,"Segheria e carpenteria legno (coperture, strutture prefabbricate)",Fausti Legnami S.r.l.,Belluno,https://www.faustilegnami.com,0435 77377,info@faustilegnami.com,Mario Fausti,Contitolare - responsabile rapporti commerciali,n.d.,"Gestione familiare con ruoli distinti e coordinati, oltre 40 anni di attività",ALTA,https://www.faustilegnami.com/chi-siamo/,seed-import
Legno/Arredo,"Produzione e vendita mobili, divisione Contract (arredo commerciale/hospitality)",Gruppo Fontana Ivo S.a.s. di Fontana Giampaolo & C. (Ivo Fontana Mobili),Belluno,https://www.ivofontana.it,0437 998441,info@ivofontana.it,Giampaolo Fontana,Titolare (socio accomandatario),n.d.,"75 anni di attività, divisione ""Contract"" per clienti business/hospitality",ALTA,https://www.ivofontana.it/contatti/,seed-import
Legno/Arredo,Falegnameria industriale conto terzi (allestimenti negozi/GDO),"Quarzago S.n.c. di Quarzago Alessandro, Sonia & C.",Belluno,https://www.quarzago.it,0437 754341,quarzago@quarzago.it,Alessandro Quarzago,Titolare (socio),n.d.,"Clientela B2B ricorrente (negozi, GDO), lavorazione conto terzi",ALTA,https://www.quarzago.it/,seed-import
Manifattura,Occhialeria - Produzione e distribuzione su licenza,GO Eyewear Italy S.r.l.,Belluno,goeyeweargroup.com,\+39 0437 184 8040,info.it@goeyeweargroup.com,n.d. (CEO di GO Eyewear Group Europe: Raffaella Da Riz),n.d.,n.d.,"Licenza brand Trussardi (2024/2025); gruppo con filiali commerciali in Portogallo, Spagna, Francia, UK, USA, Cina; espositore MIDO",ALTA,https://www.b2eyes.com/news/trussardi-affida-gli-occhiali-go-eyewear ; https://www.mido.com/en/exhibitor-list/go-eyewear-italy-srl ; https://goeyeweargroup.com/contact,seed-import
Manifattura,"Astucci occhiali, packaging di lusso, pelletteria",Giorgio Fedon & Figli S.p.A. (Fedon Group),Belluno,www.fedongroup.com,0437 9823,n.d.,Callisto Fedon,Amministratore Delegato,https://it.linkedin.com/company/giorgio-fedon-&-figli-spa,"Gruppo con oltre 1.500 dipendenti, 3 stabilimenti produttivi (Italia, Romania, Cina) e filiali commerciali in Francia, USA, Hong Kong, Spagna, Germania; rete distributiva con flagship store; clienti B2B principali = negozi ottici",ALTA,https://www.fedongroup.com/en/fedon/group.html ; https://platform-optic.it/news/giorgio-fedon-figli-callisto-fedon-amministratore-delegato/,seed-import
Manifattura,Occhialeria - Produzione occhiali da vista e sole,Look Occhiali S.r.l.,Belluno,www.lookocchiali.it,0437 573060,info@lookocchiali.it,n.d.,n.d.,https://it.linkedin.com/company/lookocchiali,"Portale ""Area B2B"" dedicato a clienti/rivenditori con registrazione dedicata; indirizzi email separati per customer care e shop",ALTA,https://www.lookocchiali.it/it/stores-contacts,seed-import
Manifattura,Trattamenti superficiali/lucidatura per occhialeria,PAI Cristal Italia S.r.l.,Belluno,www.paicristal.com,0435 501668,info@paicristal.it,n.d. (fondatore storico: Paolo Montagner; quota di maggioranza famiglia austriaca Ascher),n.d.,https://it.linkedin.com/company/pai-cristal-italia-s.r.l.,"Centri produttivi/commerciali in Cina e India dal 2004; clientela internazionale (occhialeria, nautica, gioielleria); definita ""multinazionale tascabile"" dalla stampa locale",ALTA,https://www.paicristal.com/en/about/ ; https://www.corrierealpi.it/cronaca/pai-cristal-italia-mezzo-secolo-di-successo-sempre-crescente-lv4f6zul,seed-import
Manifattura,Occhialeria - Produzione montature (metallo/acetato),Trenti Industria Occhiali S.r.l.,Belluno,www.trenti.eu,n.d.,n.d.,Valter Da Rin,"Guida azienda (nipote del fondatore, titolo esatto n.d.)",n.d.,Partner strategico di Kering Eyewear dal 2014 (quota acquisita nel 2019); produzione per brand internazionali del gruppo Kering; oltre 60 anni di attività nel distretto,ALTA,https://www.museodellocchiale.it/terre-dell-occhiale/luoghi-e-aziende/trenti-industria-occhiali/ ; https://www.aziende.it/trenti-industria-occhiali-s-p-a ; https://it.linkedin.com/company/trentiindustriaocchialispa,seed-import
Meccanica di precisione,Fresatura e tornitura CNC conto terzi,Facchin Giampiero & C. (Facchin2 Srl),Belluno,https://www.facchingiampiero.com/,\+39 0437 540537,info@facchin2.com,Giampiero Facchin,Socio/Titolare,n.d.,Certificazione UNI EN ISO 9001 dal 2001,ALTA,https://www.facchingiampiero.com/,seed-import
Meccanica di precisione,"Lavorazioni CNC precisione (navale, medicale, energia)",MGB (Meccanica MGB),Belluno,https://meccanicamgb.it/,\+39 0437 970387,info@meccanicamgb.it,Mara Tormen,Titolare/Fondatrice,n.d.,Nuovo software gestionale per ottimizzazione processi,ALTA,https://meccanicamgb.it/en/our-company/,seed-import
Meccanica di precisione,Componenti e attrezzature di precisione per macchine utensili,O.M.A.P. Srl (Gruppo Depra),Belluno,https://omapsrl.com/,\+39 0437 990044,omap@gruppodepra.com,n.d.,n.d.,n.d.,Export in oltre 30 Paesi nel mondo,ALTA,https://omapsrl.com/en/company/,seed-import
Meccanica di precisione,"Micromeccanica di precisione (automotive, occhialeria)",Rolmec Srl,Belluno,https://www.rolmec.com/,\+39 0437 852889,info@rolmec.com,Mario Roldo,Titolare/Fondatore,n.d.,"Circa 80 dipendenti, export in Europa e nel mondo",ALTA,https://www.ilgazzettino.it/nordest/belluno/rolmec\_meccanica\_alta\_precisione\_125\_anni\_sedico\_mario\_roldo-6407768.html,seed-import
Meccanica di precisione,Stampi e stampaggio materie plastiche multi-settore,Stamplast Srl,Belluno,https://www.stamplast-bl.com/,\+39 0437 807025,n.d.,n.d.,n.d.,n.d.,Nuovo stabilimento produttivo a Sedico (2025),ALTA,https://www.stamplast-bl.com/en/,seed-import
Turismo B2B/Impiantistica montana,Gestore impianti a fune/skipass,Alleghe Funivie S.p.A.,Belluno,https://www.alleghefunivie.com,\+39 0437 523544,info@alleghefunivie.com,n.d.,n.d.,n.d.,"Gestisce area sciistica del Civetta; fatturato 2025 €8,05 mln, 26 dipendenti",ALTA,https://www.alleghefunivie.com/,seed-import
Turismo B2B/Impiantistica montana,Tour operator/DMC montagna,Cortina IN S.r.l.,Belluno,https://cortinain.com,\+39 0436 060152,info@cortinain.com,Giulia Wedam,Socia Fondatrice,https://it.linkedin.com/in/giulia-wedam-1aa400105,"Tour operator/DMC incoming fondato nel 2022, gestisce eventi aziendali/team building",ALTA,https://cortinain.com/,seed-import
Turismo B2B/Impiantistica montana,Gestore impianti a fune/skipass,Faloria S.p.A.,Belluno,https://faloriacristallo.it,0436 860780,n.d.,n.d.,n.d.,n.d.,"Socia Consorzio Skipass Cortina, gestisce area Faloria-Cristallo",ALTA,https://www.misterimprese.it/veneto/belluno/cortina-d-ampezzo/funivie-impianti-di-risalita-e-sciovie-societa-di-esercizio/772140.html,seed-import
Turismo B2B/Impiantistica montana,Gestore impianti a fune/skipass,Funivie Arabba S.p.A. Società Benefit,Belluno,https://www.funiviearabba.it,\+39 0436 79336,info@funiviearabba.it,Diego De Battista,Amministratore Delegato,n.d.,Più grande azienda di impianti a fune della Regione Veneto,ALTA,https://www.funiviearabba.it/,seed-import
Turismo B2B/Impiantistica montana,Gestione multi-struttura ricettiva,Gruppo Stay S.r.l.,Belluno,https://www.gruppostay.com,n.d.,amministrazione@gruppostay.com,n.d.,n.d.,n.d.,"Hospitality management ""white-label"" per hotel/appartamenti/strutture ricettive multiple",ALTA,https://www.gruppostay.com/,seed-import
Turismo B2B/Impiantistica montana,Gestore impianti a fune/skipass,ISTA S.p.A.,Belluno,https://www.impianticortina.it,\+39 0436 861263,info@impianticortina.it,n.d.,n.d.,n.d.,Capofila storico Consorzio Skipass Cortina (8 società socie),ALTA,https://www.impianticortina.it/,seed-import
Turismo B2B/Impiantistica montana,Gestore impianti a fune/skipass,Palafavera S.r.l.,Belluno,https://www.palafavera.com,0437 789472,n.d.,n.d.,n.d.,n.d.,"Gestisce ski area Palafavera (Val di Zoldo); fatturato 2024 €1,59 mln in fortissima crescita",ALTA,https://www.palafavera.com/,seed-import
Lattiero-caseario,Cooperativa agricola di montagna,Cooperativa Agordino Latteria di Vallata Soc. Agr. Coop.,Belluno,https://www.latteriadivallata.com,0437 640947,cooperativaagordino@gmail.com,n.d.,Presidente,n.d.,Raccoglie latte da aziende agricole di 5 comuni,MEDIA,https://www.latteriadivallata.com/about-us,seed-import
Lattiero-caseario,Cooperativa agricola di montagna,Latteria di Lentiai Soc. Coop. Agricola,Belluno,https://www.latterialentiai.it,0437 750584,info@latterialentiai.it,n.d.,Presidente,n.d.,"Struttura organizzativa esplicita, gamma prodotti articolata",MEDIA,https://www.latterialentiai.it/index.php/contatti,seed-import
Legno/Arredo,Produzione e vendita mobili su misura,Dal Pont Arreda,Belluno,https://www.dalpontarreda.com,0437 847474,amm.dalpontarreda@gmail.com,Corrado Dal Pont; Alessandra Dal Pont,Titolari,n.d.,"Ruoli distinti e coordinati produzione/commerciale, clientela anche business",MEDIA,https://www.dalpontarreda.com/Chi-siamo,seed-import
Legno/Arredo,Segheria industriale e falegnameria (arredo esterno),Fratelli Colle Srl,Belluno,https://www.fratellicolle.it,0437 730051,info@fratellicolle.it,n.d.,n.d.,n.d.,"3 sedi/reparti coordinati, oltre 70 anni di attività, export imballaggi certificati ISPM-15",MEDIA,https://www.fratellicolle.it/,seed-import
Legno/Arredo,"Produzione mobili su misura, serramenti e scale",Legnostile Snc,Belluno,https://www.legnostile.com,0437 82534,info@legnostile.it,Franco D'Incà; Stefano D'Incà,Titolari,n.d.,"14 dipendenti, rete di vendita con collaborazioni, opera in più province",MEDIA,https://www.legnostile.com/azienda/,seed-import
Legno/Arredo,Serramenti e infissi (vendita e installazione),Teknus Infissi,Belluno,https://www.teknusinfissi.com,0437 927053,info@teknusinfissi.com,n.d.,n.d.,n.d.,"Due sedi operative, staff dedicato di progettisti/tecnici/installatori",MEDIA,https://www.teknusinfissi.com/contatti/,seed-import
Manifattura,Componentistica occhialeria - minuteria metallica e attrezzature,GDR S.n.c. di Gasperina e Della Rosa,Belluno,www.gdrminuterie.it,0435 520357,gdrdomcad@libero.it,Gasperina e Della Rosa (soci),Soci fondatori,n.d.,"""Opera prevalentemente in esclusiva con occhialerie di media-grande dimensione"" - clientela B2B ricorrente strutturata",MEDIA,https://www.gdrminuterie.it/,seed-import
Manifattura,"Componentistica occhialeria (stanghette, terminali, elementi decorativi)",Sari S.r.l.,Belluno,www.sarisrl.com,0437 751184,info@sarisrl.com,n.d.,n.d.,n.d.,"Produzione conto terzi/su disegno cliente in acetato, legno, corno di bufalo, carbonio; reparto R\&S dedicato al cliente",MEDIA,https://www.sarisrl.com/it/company,seed-import
Manifattura,Occhialeria - Produzione occhiali (tecnologia custom),Thema Optical S.r.l.,Belluno,thema-optical.com,0435 72002,n.d.,n.d.,n.d.,n.d.,"Software/app proprietario per occhiale su misura (""ad personam"") presentato al MIDO; fascia fatturato 10-25 mln €",MEDIA,https://thema-optical.com/ ; https://www.aziende.it/thema-optical-s-r-l ; https://www.ilnordest.it/economia/imprese/al-mido-con-il-software-per-locchiale-su-misura-xv88hf0m,seed-import
Meccanica di precisione,Componentistica di precisione per occhialeria (laser/finiture),Levorato s.a.s. di Levorato Ivano,Belluno,https://www.levoratoivano.it/,\+39 0437 770756,n.d.,Ivano Levorato,Titolare,n.d.,Sede in zona industriale di Longarone,MEDIA,https://www.levoratoivano.it/chi-siamo,seed-import
Meccanica di precisione,Meccanica generale e lavorazioni conto terzi,Meccanica O.C.S.A.,Belluno,https://meccanica-ocsa.com/,\+39 0439 301103,info@meccanica-ocsa.com,n.d.,n.d.,n.d.,"Attiva dal 1975, gestione ciclo produttivo completo multi-cliente",MEDIA,https://meccanica-ocsa.com,seed-import
Turismo B2B/Impiantistica montana,Agenzia immobiliare-turistica multi-sede,Agenzia Cortinese,Belluno,https://www.cortinese.it,\+39 0436 863886,agenzia@cortinese.it,n.d.,n.d.,n.d.,"Attiva dal 1981, due sedi coordinate, gestisce compravendite e affitti turistici/residenziali",MEDIA,https://www.cortinese.it/agenzia,seed-import
Turismo B2B/Impiantistica montana,Gestore impianti a fune/skipass,Auronzo d'Inverno S.r.l.,Belluno,https://www.monteagudo.it,\+39 0435 400522,auronzodinverno@hotmail.it,n.d.,n.d.,n.d.,"Gestisce ski area Monte Agudo con scuola sci, noleggio attrezzature",MEDIA,https://www.monteagudo.it/,seed-import
Turismo B2B/Impiantistica montana,Tour operator/DMC montagna,Cortina360 S.r.l.,Belluno,https://cortina360.it,\+39 334 7972372,info@cortina360.it,n.d.,n.d.,n.d.,"DMC/tour operator con due brand collegati, organizza team building aziendali e gruppi",MEDIA,https://cortina360.it/,seed-import
Turismo B2B/Impiantistica montana,Gestore impianti a fune/skipass,Impianti Averau S.r.l.,Belluno,https://5torri.it,\+39 0436 871178,seggiovia@5torri.it,n.d.,n.d.,n.d.,"Socia Consorzio Skipass Cortina, gestisce area Cinque Torri-Averau",MEDIA,https://5torri.it/,seed-import
Turismo B2B/Impiantistica montana,Gestore impianti a fune/skipass,Impianti Scoter S.r.l.,Belluno,https://www.skiareasanvito.com,0436.890645,info@skiareasanvito.com,n.d.,n.d.,n.d.,Gestisce Ski Area San Vito di Cadore,MEDIA,https://www.skiareasanvito.com/impianti/,seed-import
Turismo B2B/Impiantistica montana,Gestore impianti a fune/skipass,Lagazuoi S.p.A.,Belluno,https://lagazuoi.it,0436 862171,lagazuoi@lagazuoi.it,n.d.,n.d.,n.d.,Gestisce la funivia Lagazuoi con rifugio e centro congressi,MEDIA,https://skipasscortina.com/IT/s11-lagazuoi-spa,seed-import
Turismo B2B/Impiantistica montana,Gestore impianti a fune/skipass,Tofana S.r.l.,Belluno,https://www.freccianelcielo.com,0436 862171,info@freccianelcielo.com,n.d.,n.d.,n.d.,"Gestisce la funivia ""Freccia nel Cielo"", socia Consorzio Skipass Cortina",MEDIA,https://skipasscortina.com/IT/s6-tofana-srl,seed-import
Legno/Arredo,Segheria (lavorazione legname per edilizia),De Carli Legnami S.r.l.,Belluno,https://www.decarlilegnami.com,0439 301741,decarlilegnami@libero.it,n.d.,n.d.,n.d.,"Fornitura legname per tetti, costruzioni e imballaggi",BASSA,https://www.decarlilegnami.com/,seed-import
Legno/Arredo,Serramenti e infissi (vendita e installazione),Serramenti Prado,Belluno,https://www.serramentiprado.it,393 5324070,serramentiprado@gmail.com,n.d.,n.d.,n.d.,Azienda familiare con showroom e gamma prodotti ampia,BASSA,https://www.serramentiprado.it/contatti/,seed-import
Manifattura,Occhialeria - Lavorazione conto terzi montature,Iuky Occhiali di Traina Benvenuto & C. S.a.s.,Belluno,www.iukyocchiali.it,0435 76515,iuky.lozzo@hotmail.it,"n.d. (titolare presumibile: Traina Benvenuto, da ragione sociale)",n.d.,n.d.,"Lavorazione conto terzi e fornitura componenti (fresatura, sgrossatura, burattatura, sabbiatura, lucidatura, satinatura) per clientela B2B",BASSA,https://www.iukyocchiali.it/contatti/,seed-import
Manifattura,Occhialeria - Produzione conto terzi montature acetato,Montresor (Montresor Giuseppe),Belluno,www.montresorocchiali.it,0435 72763,"n.d. (unico contatto pubblicato è email personale del titolare, esclusa per policy)",Giuseppe Montresor,Titolare,n.d.,Produzione conto terzi per brand esterni,BASSA,https://www.montresorocchiali.it/chi-siamo,seed-import
Turismo B2B/Impiantistica montana,Gestore impianti a fune/skipass,Misurina Neve S.r.l.,Belluno,n.d.,0436 862171,misurinaneve@libero.it,n.d.,n.d.,n.d.,Gestisce seggiovia Col de Varda e area sciistica Misurina/La Loita,BASSA,https://skipasscortina.com/IT/s12-misurina-neve-srl,seed-import
Farmaceutico/Biomedicale,"Farmaceutica (acido ialuronico, dispositivi medici)",Fidia Farmaceutici S.p.A.,Padova,https://www.fidiapharma.it/,(+39) 049 8232221,info@fidiapharma.it,Carlo Pizzocaro,Presidente e Amministratore Delegato (CEO),n.d.,"Gruppo in forte crescita, fatturato previsto 538 mln euro nel 2025 (+15%), acquisizioni recenti, rete commerciale internazionale",ALTA,https://www.fidiapharma.it/il-nostro-gruppo/contatti/ ; https://www.milanofinanza.it/news/fidia-farmaceutici-mira-a-crescere-del-15-nel-2025-parla-l-ad-carlo-pizzocaro-202507101621144607,seed-import
Farmaceutico/Biomedicale,Produzione dispositivi medici (impiantologia dentale),Leader Medica S.r.l.,Padova,www.leadermedica.com,\+39 049 9913364,info@leadermedica.com,n.d.,n.d.,n.d.,Rete di oltre 115 collaboratori commerciali in 26 paesi,ALTA,https://www.leadermedica.com/azienda/chi-siamo.html,seed-import
Farmaceutico/Biomedicale,Produzione/distribuzione nutraceutici e dispositivi medici (canale farmacia),PL Pharma S.r.l.,Padova,www.plpharma.it,n.d.,info@plpharma.com,n.d.,n.d.,n.d.,Rete propria di Informatori Tecnico Scientifici,ALTA,https://www.plpharma.it/azienda/diventa-informatore/,seed-import
Farmaceutico/Biomedicale,Dispositivi medici (impiantologia dentale),Sweden & Martina S.p.A.,Padova,https://www.sweden-martina.com/,\+39 049 9124300,info@sweden-martina.com,Alberto Martina,CEO (Amministratore Delegato),n.d.,"Fatturato consolidato oltre 100 mln euro, forte forza vendita e formazione continua di rivenditori/odontoiatri (circa 1000 corsi/anno), presenza commerciale internazionale",ALTA,https://www.sweden-martina.com/it/contatti ; https://www.mattinopadova.it/speciali/top-500-padova/sweden-martina-il-gioiello-nascosto-dellindustria-padovana-qkz19ucf,seed-import
Macchine agricole,Produzione seminatrici pneumatiche,Agricola Italiana,Padova,https://www.agricolaitaliana.it/,\+39 049 5797533,vendite@agricola.it,n.d.,n.d.,n.d.,Email dedicate per reparto vendite e reparto estero,ALTA,https://www.agricolaitaliana.it/contatti/,seed-import
Macchine agricole,Produzione veicoli elettrici per agricoltura e industria,Alke' S.r.l.,Padova,https://www.alke.com/,\+39 049 8702400,n.d.,n.d.,n.d.,n.d.,Rete di distributori/dealer in decine di paesi,ALTA,https://www.alke.com/alke-contact,seed-import
Macchine agricole,Produzione trattori specializzati (vigneto/frutteto) e concessionaria,Antonio Carraro S.p.A.,Padova,https://www.antoniocarraro.it/,\+39 049 9219921,info@antoniocarraro.it,n.d.,n.d.,n.d.,"Azienda quotata Borsa Italiana, rete dealer internazionale, export mondiale",ALTA,https://www.antoniocarraro.it/,seed-import
Macchine agricole,"Produzione macchine per fienagione, frutteti, vigneti",FCR di Perin Lina (FCR Costruzione Macchine Agricole),Padova,https://fcrfancelli.it/,\+39 049 557337,info@fcrfancelli.it,n.d.,n.d.,n.d.,"Export mondiale, fiere internazionali",ALTA,https://fcrfancelli.it/,seed-import
Macchine agricole,Concessionaria trattori e macchine agricole (dealer Valtra),Gaiani Rino sas,Padova,https://www.gaianirino.it/,\+39 049 5565282,info@gaianirino.it,n.d.,n.d.,n.d.,Concessionario ufficiale Valtra da oltre 30 anni,ALTA,https://www.gaianirino.it/,seed-import
Macchine agricole,"Produzione trinciatrici, cippatori e macchine per il verde",Peruzzo S.r.l.,Padova,https://www.peruzzo.it/,\+39 049 9620435,info@peruzzo.it,n.d.,n.d.,n.d.,"60 anni di attività, export globale",ALTA,https://www.peruzzo.it/en/,seed-import
Macchine agricole,"Produzione attrezzature per fienagione e movimento terra, export",Valentini Antonio S.r.l. (Valentini Group),Padova,https://www.valentini-group.com/,\+39 049 5790797,info@valentini-group.com,Antonio Valentini,Fondatore,n.d.,Uffici commerciali distinti Italia/estero,ALTA,https://www.valentini-group.com/en/contatti/,seed-import
Macchine industriali/Automazione,Robotica/PLC/system integration,AFE Automazione Srl,Padova,https://www.afeautomazione.it/,\+39 333 436 7806,info@afeautomazione.it,n.d.,n.d.,n.d.,Due divisioni commerciali distinte con recapiti dedicati (Robotica / Automazione\&PLC),ALTA,https://www.afeautomazione.it/,seed-import
Macchine industriali/Automazione,Costruzione macchinari industriali/impianti ad alto contenuto tecnologico,Apes Srl,Padova,https://www.apes.it/,049 8841133,info@apes.it,Mirco Rossi,Contitolare (seconda generazione),n.d.,"Azienda dal 1984, clienti in Italia e all'estero (export), governance divisa su 3 persone su reparti diversi",ALTA,https://www.apes.it/azienda/,seed-import
Macchine industriali/Automazione,System integrator/collaudo e automazione di processo,Jofa Srl,Padova,https://www.jofa.it/,049 8701387,info@jofa.it,n.d.,n.d.,n.d.,"Azienda dal 1972, ex fornitore case automobilistiche/F1, esporta sistemi di collaudo e automazione",ALTA,https://www.jofa.it/storia.html,seed-import
Macchine industriali/Automazione,"Impiantistica industriale (caldareria, impianti siderurgici e trattamento acque)",Ravagnan SpA,Padova,https://www.ravagnan.com/,049 8655511,commerciale.impianti@ravagnan.com,n.d.,n.d.,n.d.,Molteplici indirizzi email per reparto,ALTA,https://www.ravagnan.com/it/contatti.html,seed-import
Macchine industriali/Automazione,Automazione industriale/custom solutions,SAET Padova SpA,Padova,https://saetpd.it/,049 8989711,info@saetpd.it,n.d.,n.d.,n.d.,SpA storica in soluzioni di automazione custom per clienti industriali,ALTA,https://saetpd.it/contatti/,seed-import
Macchine industriali/Automazione,Automazione e comunicazione industriale/interfacce per l'automazione,Seneca Srl,Padova,https://www.seneca.it/,049 8705359,commerciale@seneca.it,n.d.,n.d.,n.d.,"Email commerciale dedicata (commerciale@seneca.it), distribuzione internazionale",ALTA,https://www.seneca.it/contatti,seed-import
Software/IT,Software house / CRM custom / system integrator,GSstore (GStore Informatica & Web),Padova,gas-store.it,049 4102386,info@gas-store.it,Devis Zampieri,CEO / Responsabile commerciale,n.d.,"Reparto commerciale dedicato (Devis Zampieri Direzione+Commerciale, Simone Area commerciale), sviluppo esplicito di ""CRM custom"" tra i servizi, crescita costante dal 2012",ALTA,https://gas-store.it/chi-siamo/,seed-import
Software/IT,System integrator / sviluppo software custom,I-CON Srl,Padova,www.iconservizi.com,\+39 347 8896911,i-con@iconservizi.com,Lorenzo Zulian; Francisco Yepes Barrera,Co-fondatori,n.d.,"Team strutturato di 11 persone, sviluppo di software gestionale personalizzato e app web su misura per PMI, azienda in crescita dal 2016",ALTA,https://www.iconservizi.com/azienda-informatica-a-padova/,seed-import
Software/IT,System integrator / distributore HW-SW / cybersecurity,Serenissima Informatica S.p.A.,Padova,www.serinf.it,049 8291111,info@serinf.it,n.d.,n.d.,n.d.,"Oltre 220 dipendenti, 30+ clienti B2B nominati (Club del Sole, PhotoSi, Best Western, SMEG, Lefay Hotels), acquisizioni recenti (Ibed Srl, Brevi Due Srl), sedi Padova/Bergamo/Barcellona",ALTA,https://www.serinf.it/en/about-us/,seed-import
Software/IT,Software house / system integrator,Web PD S.r.l.,Padova,webpd.it,049 8594684,contabilita@webpd.it,n.d.,n.d.,n.d.,"Prodotto proprietario ""App Agenti"" dedicato a reti di agenti/commerciali, prodotto ""Web Business Manager (WBM)"", copertura multi-provincia veneta",ALTA,https://webpd.it/servizi/software-house/,seed-import
Software/IT,System integrator / IT services,Wintech S.p.A. (Winning Technologies S.p.A.),Padova,www.wintech.it,049 2011000,n.d.,Massimo Gallotta,Amministratore/Fondatore,https://it.linkedin.com/in/massimo-gallotta-4b96ab59,"Aziende partecipate (Sistemi, Quadrivium, Visionlearning, Menocarta), ampio portfolio ERP/business automation/cybersecurity, partner tecnologici multipli, 3 sedi (Padova, Milano, Bassano del Grappa)",ALTA,https://www.wintech.it/chi-siamo/,seed-import
Farmaceutico/Biomedicale,Diagnostica in vitro (strumentazione emocromo/VES/emocolture),Alifax S.r.l.,Padova,https://www.alifax.com/,\+39 049 0992000,info@alifax.com,n.d.,n.d.,n.d.,"Azienda con filiali estere dirette (Brasile, Cina, Russia, Spagna, Germania) e rete commerciale internazionale su strumentazione diagnostica IVD",MEDIA,https://www.alifax.com/contacts/,seed-import
Farmaceutico/Biomedicale,Vendita e assistenza tecnica apparecchiature elettromedicali,C.E.M. S.r.l. (C.E.M. Elettromedicali),Padova,www.cemelettromedicali.com,\+39 049 761200,infocem@cemelettromedicali.com,n.d.,n.d.,n.d.,"Attiva dal 1976, base clienti B2B ricorrente",MEDIA,https://www.cemelettromedicali.com/,seed-import
Farmaceutico/Biomedicale,"Distribuzione dispositivi medici (laboratorio/ospedale, e-commerce)",Cair Italia S.r.l.,Padova,n.d.,\+39 049 9902966,n.d.,n.d.,n.d.,n.d.,Distributore certificato ISO 13485/14001,MEDIA,https://it.kompass.com/c/cair-italia-s-r-l/it0402519/,seed-import
Farmaceutico/Biomedicale,Servizi regolatori/qualita per aziende di dispositivi medici (B2B),Clariscience S.r.l.,Padova,www.clariscience.com,\+39 049 7443622,info@clariscience.com,n.d.,n.d.,n.d.,Clientela B2B ricorrente per regulatory affairs,MEDIA,https://clariscience.com/contatti,seed-import
Farmaceutico/Biomedicale,"Distribuzione dispositivi medici (critical care, chirurgia, cardiologia)",Medival S.r.l.,Padova,www.medival.it,\+39 049 775477,info@medival.it,n.d.,n.d.,n.d.,Distributore B2B di dispositivi medici per ospedali,MEDIA,https://www.medival.it/it/content/4-azienda,seed-import
Farmaceutico/Biomedicale,"Elettromedicali (laser dentali, saldatrici endorali, apparecchiature estetiche)",Medycore,Padova,https://www.medycore.it/,(+39) 049 8961111,info@medycore.it,n.d.,n.d.,n.d.,"Azienda esportatrice in oltre 10 nazioni, offre corsi di formazione per rivenditori/clienti, prodotti in aggiornamento continuo",MEDIA,http://www.medycore.it/azienda-medycore/,seed-import
Farmaceutico/Biomedicale,Distribuzione dispositivi medici (cardiologia/radiologia interventistica),Pegasus Medical S.r.l.,Padova,www.pegasusmedical.it,\+39 049 774708,info@pegasusmedical.it,n.d.,n.d.,n.d.,Distribuzione a strutture sanitarie pubbliche/private,MEDIA,https://www.pegasusmedical.it/,seed-import
Farmaceutico/Biomedicale,Assistenza tecnica biomedicale,SIC Elettromedicali,Padova,www.sic-ele.it,\+39 049 8809551,info@sic-ele.it,n.d.,n.d.,n.d.,"Attiva dal 1993, base clienti B2B nel Triveneto",MEDIA,https://sic-ele.it/,seed-import
Farmaceutico/Biomedicale,Produzione/distribuzione dispositivi medici monouso (DPI),STS Medical Division / Mascherine Venete,Padova,www.stsmedicaldivision.it,\+39 049 6885075,info@stsmedicaldivision.it,n.d.,n.d.,n.d.,Diversificazione da trasporti a produzione dispositivi medici monouso,MEDIA,https://www.stsmedicaldivision.it/en/about-us/,seed-import
Farmaceutico/Biomedicale,Distribuzione dispositivi medici alta tecnologia,Wik Medical S.r.l. (WikMedical),Padova,www.wikmedical.com,\+39 342 7465492,n.d.,n.d.,n.d.,n.d.,Oltre 20 anni di attivita in distribuzione dispositivi medici,MEDIA,https://www.wikmedical.com/it/azienda,seed-import
Macchine agricole,Produzione e commercio attrezzature agricole,Dante Macchine Agricole S.r.l.,Padova,https://dantemacchine.it/,\+39 049 5344011,n.d.,n.d.,n.d.,n.d.,Presenza su portali di settore specializzati,MEDIA,https://www.mondomacchina.it/it/dante-macchine-innovazione-qualita-prestazioni-c2030,seed-import
Macchine agricole,Macchine per orticoltura e preparazione terreno,Hortech S.r.l.,Padova,https://www.hortech.it/,\+39 049 9515369,n.d.,n.d.,n.d.,n.d.,Doppia sede (PD e FE),MEDIA,https://www.hortech.it/azienda/,seed-import
Macchine agricole,Produzione attrezzature per lavorazione terreno,Maschio Gaspardo S.p.A.,Padova,https://www.maschiogaspardo.com/,\+39 049 9289810,n.d.,n.d.,n.d.,n.d.,Multinazionale con stabilimenti a Campodarsego e Cadoneghe,MEDIA,https://it.wikipedia.org/wiki/Maschio\_Gaspardo,seed-import
Macchine agricole,"Vendita, ricambi e riparazione macchine agricole",Sigolotto Macchine Agricole,Padova,https://www.sigolotto.it/,\+39 049 5380163,info@sigolotto.it,n.d.,n.d.,n.d.,Copertura commerciale su tre province,MEDIA,https://www.sigolotto.it/,seed-import
Macchine industriali/Automazione,Automazione e software per l'industria,AS Industriale Srl,Padova,https://www.asindustriale.it/,049 4907513,info@asindustriale.it,n.d.,n.d.,n.d.,System integrator specializzato in automazione/software industriale,MEDIA,https://www.asindustriale.it/,seed-import
Macchine industriali/Automazione,Quadri elettrici industriali e software per l'automazione,B-TECH Srl,Padova,https://www.b-techgroup.it/,049 644209,info@b-techgroup.it,n.d.,n.d.,n.d.,"Azienda ""Group"" con pagina team dedicata",MEDIA,https://www.b-techgroup.it/,seed-import
Macchine industriali/Automazione,Automazione industriale/quadri elettrici,Boscaro Pasqualino Srl,Padova,https://www.boscaropasqualino.com/,049 760842,info@boscaropasqualino.it,n.d.,n.d.,n.d.,"Azienda dal 1963, leader storico a Padova in impianti elettrici/automazione",MEDIA,https://www.boscaropasqualino.com/azienda/,seed-import
Macchine industriali/Automazione,Costruzione macchine automatiche/automazione industriale,Costruzioni Fasolo,Padova,https://costruzionifasolo.com/,049 9201533,info@costruzionifasolo.com,n.d.,n.d.,n.d.,Opera nell'automazione industriale da oltre 20 anni,MEDIA,https://costruzionifasolo.com/,seed-import
Macchine industriali/Automazione,Quadri elettrici industriali/componenti automazione,ECAT Srl,Padova,https://www.ecatsrl.it/,049 7625133,info@ecatsrl.it,n.d.,n.d.,n.d.,"Due sedi operative in provincia di Padova, clientela B2B industriale ricorrente",MEDIA,https://www.ecatsrl.it/azienda/,seed-import
Macchine industriali/Automazione,Quadri elettrici industriali/progettazione,Meggel Group Srl,Padova,https://www.meggel.it/,049 9720591,info@meggelgroup.it,n.d.,n.d.,n.d.,"Azienda ""Group"" con progettazione e cablaggio quadri elettrici per clienti industriali ricorrenti",MEDIA,https://www.meggel.it/contatti/,seed-import
Macchine industriali/Automazione,Meccanica di precisione/impianti industriali e robotizzati,NuovaMLM,Padova,https://en.nuovamlm.com/,049 8987207,amministrazione@nuovamlm.it,n.d.,n.d.,n.d.,"Opera su Oil\&Gas, impianti industriali/robotizzati, clientela su mercati internazionali",MEDIA,https://en.nuovamlm.com/azienda,seed-import
Macchine industriali/Automazione,"Distribuzione e consulenza automazione industriale (pneumatica, oleodinamica, vuoto)",Panar Automazioni Srl,Padova,https://www.panar.com/,049 614155,tecnico@panar.com,Paolo Nardin,Fondatore (1969),n.d.,"Azienda storica dal 1969, consulenza tecnica multimarca a clientela industriale ricorrente",MEDIA,https://www.panar.com/contatti,seed-import
Macchine industriali/Automazione,Impiantistica industriale/automazione e sicurezza,Ranzato Impianti Srl,Padova,https://www.ranzatoimpianti.it/,049 5848686,info@ranzatoimpianti.it,n.d.,n.d.,n.d.,"Più divisioni coordinate (impianti elettrici, energia, termoidraulica, automazione e sicurezza, assistenza)",MEDIA,https://www.ranzatoimpianti.it/en/contacts.html,seed-import
Macchine industriali/Automazione,Macchinari per imballo industriale,TPI Service Srl,Padova,https://www.tpiservicesrl.it/,049 9075519,info@tpiservicesrl.it,n.d.,n.d.,n.d.,Fornitore di macchinari e prodotti per imballaggio industriale a clientela B2B ricorrente,MEDIA,https://www.tpiservicesrl.it/azienda/,seed-import
Macchine industriali/Automazione,Sistemi di automazione industriale/costruzione macchine speciali,WAER (di Martini Walter),Padova,https://www.waer.it/,049 9336572,info@waer.it,Martini Walter,Titolare,n.d.,Ditta individuale attiva in automazione industriale e costruzione macchine speciali,MEDIA,https://www.waer.it/contatti/,seed-import
Servizi B2B/Consulenza,Agenzia di comunicazione B2B,Doy Design,Padova,https://www.doydesign.it,n.d.,n.d.,n.d.,n.d.,n.d.,Agenzia storica attiva dal 2000,MEDIA,https://www.doydesign.it/agenzia-comunicazione-padova/,seed-import
Servizi B2B/Consulenza,Ingegneria di processo/prodotto/civile,IDRA Srl,Padova,https://idramanagement.com,n.d.,n.d.,n.d.,n.d.,n.d.,Ingegneria multidisciplinare per clienti aziendali,MEDIA,https://idramanagement.com/engineering-2/,seed-import
Servizi B2B/Consulenza,Agenzia marketing e comunicazione,Ipso Factory,Padova,https://www.ipsofactory.it,n.d.,n.d.,n.d.,n.d.,n.d.,"Opera su più province venete (Padova, Vicenza, Venezia)",MEDIA,https://www.ipsofactory.it/agenzia/,seed-import
Servizi B2B/Consulenza,Agenzia di comunicazione/web B2B,Kom,Padova,https://kom.online,n.d.,n.d.,n.d.,n.d.,n.d.,Si definisce attiva da 20 anni,MEDIA,https://kom.online/agenzia-web-padova/,seed-import
Servizi B2B/Consulenza,Studio di ingegneria (progettazione impianti),Munari Group,Padova,https://www.munarigroup.it,n.d.,n.d.,n.d.,n.d.,n.d.,"Progettazione impianti, opera su Padova e Vicenza",MEDIA,https://www.munarigroup.it/engineering/progettazione/,seed-import
Servizi B2B/Consulenza,Ricerca e selezione personale (recruiting per aziende),Nuovi Talenti,Padova,https://www.nuovi-talenti.it,n.d.,n.d.,n.d.,n.d.,n.d.,Servizio di ricerca e selezione del personale rivolto ad aziende,MEDIA,https://www.nuovi-talenti.it/,seed-import
Servizi B2B/Consulenza,Studio di ingegneria (impianti industriali),Riccardi Engineering,Padova,https://www.riccardiengineering.it,n.d.,n.d.,n.d.,n.d.,n.d.,Progettazione impianti industriali su commessa,MEDIA,https://www.riccardiengineering.it/servizi/progettazione-impianti/,seed-import
Servizi B2B/Consulenza,Studio di ingegneria strutturale,SM Ingegneria,Padova,https://www.smingegneria.it,n.d.,n.d.,Claudio Modena,Fondatore (Prof.),n.d.,Nome del fondatore indicato pubblicamente; studio opera anche su Verona,MEDIA,https://www.smingegneria.it/home-en/,seed-import
Servizi B2B/Consulenza,Consulenza direzionale/internazionalizzazione,Studio DCA,Padova,https://www.studiodca.eu,n.d.,n.d.,n.d.,n.d.,n.d.,Consulenza export/internazionalizzazione per PMI,MEDIA,https://www.studiodca.eu/consulenza-internazionalizzazione-padova/,seed-import
Servizi B2B/Consulenza,Organizzazione eventi aziendali B2B (PCO/DMC),Target Motivation,Padova,https://www.targetmotivation.it,n.d.,n.d.,n.d.,n.d.,n.d.,Agenzia PCO/DMC per eventi e convention aziendali,MEDIA,https://www.targetmotivation.it/organizzazione-eventi-padova/,seed-import
Software/IT,Web agency / sviluppo software,AS Web Agency S.r.l. (Stefanato),Padova,www.stefanato.com,\+39 049 685969,info@stefanato.com,n.d.,n.d.,n.d.,"Sviluppo gestionali web-based e booking engine per settori multipli, servizi di perizie forensi informatiche per clientela B2B ricorrente (legale/assicurativa)",MEDIA,https://www.stefanato.com/contatti,seed-import
Software/IT,Software house / sviluppo app,Brainsix S.r.l.,Padova,www.brainsix.it,\+39 0495010965,info@brainsix.it,Alessandro (cognome non pubblicato),Presidente,n.d.,"Team strutturato di 11 persone con ruoli distinti (R\&D, Customer Service, System Integrator, Amministrazione), gestionali multi-settore",MEDIA,https://www.brainsix.it/,seed-import
Software/IT,Agenzia comunicazione digitale / software,Deltacommerce S.r.l.,Padova,www.deltacommerce.com,049 8707363,info@deltacommerce.com,n.d.,n.d.,n.d.,"Offre ""Siti B2B"" e integrazione CRM Hubspot tra i servizi, gruppo multi-sede (Ferrara, Bologna, Padova)",MEDIA,https://www.deltacommerce.com/contatti,seed-import
Software/IT,System integrator / ERP reseller,Global Automation System S.r.l. (GASweb),Padova,www.gasweb.it,049 8705331,info@gasweb.it,n.d.,n.d.,n.d.,"System integrator con ERP Arca Evolution, consulenza e mappatura processi aziendali, due sedi (Padova e Thiene VI)",MEDIA,https://www.gasweb.it/contatti/,seed-import
Software/IT,System integrator / IT retail,IBC Srl,Padova,www.ibc.it,049 8936006,ibc@ibc.it,n.d.,n.d.,n.d.,"Rete di dealer/rivenditori per multinazionale del settore, posizioni aperte per sviluppatore Java e consulente software",MEDIA,https://www.ibc.it/lavora-con-noi/,seed-import
Software/IT,System integrator / consulenza ERP,Know-How S.r.l. (gruppo Lutech),Padova,www.know-how.it,049 8703778,know-how\_info@lutech.it,n.d.,n.d.,n.d.,"Clienti B2B nominati (Breda Energia, Argo Tractors, Groeneveld, Fitesa), Gold Channel Partner Infor, presenza multi-sede internazionale",MEDIA,https://www.know-how.it/en/,seed-import
Software/IT,Software house / sviluppo custom,PROMOinVIDEO Srl (OcaCode),Padova,www.ocacode.it,049 5957210,info@ocacode.it,n.d.,n.d.,n.d.,"Sviluppo software custom/app/web per aziende con clienti ricorrenti citati, percorso ESG in corso con clientela aziendale",MEDIA,https://www.ocacode.it/,seed-import
Software/IT,IT services / TLC / system integrator,Solunet Srl (Solunet Group),Padova,www.solunetgroup.it,049 9455211,info@solunetgroup.it,n.d.,n.d.,n.d.,"Gruppo multi-sede (Veneto, FVG, Lombardia, Emilia-Romagna), offre anche sviluppo software custom e gestionali (Business Cube), ampio portafoglio clienti PMI B2B",MEDIA,https://www.solunetgroup.it/,seed-import
Farmaceutico/Biomedicale,Biotecnologie (spin-off universitario),Onyel Biotech S.r.l.,Padova,https://www.onyelbiotech.com/,n.d.,info@onyelbiotech.com,n.d.,n.d.,n.d.,Sito ufficiale ancora online e aggiornato; nessun annuncio commerciale pubblico rilevato,BASSA,https://www.onyelbiotech.com/,seed-import
Servizi B2B/Consulenza,Consulenza aziendale/controllo di gestione,ASB Consulting,Padova,https://www.asbconsulting.it,n.d.,n.d.,n.d.,n.d.,n.d.,"Consulenza e controllo di gestione per aziende, sito verticale su Padova",BASSA,https://www.asbconsulting.it/consulenza-aziendale/,seed-import
Servizi B2B/Consulenza,Servizi HR per aziende (ricerca e selezione),Bicego HR,Padova,https://www.bicego.it,n.d.,n.d.,n.d.,n.d.,n.d.,Servizi alle aziende su gestione del personale,BASSA,https://www.bicego.it/servizi-alle-aziende/strumenti-di-riduzione-del-rischio-nella-gestione-del-personale/ricerca-e-selezione-del-personale/,seed-import
Servizi B2B/Consulenza,Consulenza direzionale,Fabbrica del Valore,Padova,https://fabbricadelvalore.com,n.d.,n.d.,n.d.,n.d.,n.d.,"Pagina dedicata ""consulenza aziendale Padova"", posizionamento su PMI locali",BASSA,https://fabbricadelvalore.com/consulenza-aziendale-padova/,seed-import
Servizi B2B/Consulenza,Formazione manageriale/aziendale,Formorienta,Padova,https://www.formorienta.it,n.d.,n.d.,n.d.,n.d.,n.d.,Centro di formazione manageriale e trasversale per aziende,BASSA,https://www.formorienta.it/formazione-manageriale-e-trasversale-padova/,seed-import
Servizi B2B/Consulenza,Studio di progettazione meccanica,Ingenium Pro Srl,Padova,https://www.ingeniumpro.it,n.d.,n.d.,n.d.,n.d.,n.d.,Progettazione meccanica per aziende manifatturiere,BASSA,https://www.ingeniumpro.it/en/,seed-import
Servizi B2B/Consulenza,Consulenza aziendale,Oriens Consulting,Padova,https://www.oriens.consulting,n.d.,n.d.,n.d.,n.d.,n.d.,Pagina dedicata a consulenza aziendale rivolta a imprese di Padova,BASSA,https://www.oriens.consulting/consulenza-aziendale-padova/,seed-import
Servizi B2B/Consulenza,Progettazione industriale / Engineering & Design,Spinips,Padova,https://www.spinips.com,n.d.,n.d.,n.d.,n.d.,n.d.,"Studio di progettazione industriale, engineering & design per aziende",BASSA,https://www.spinips.com/,seed-import
Servizi B2B/Consulenza,Consulenza del lavoro/HR,Studio Bustreo e Associati,Padova,https://www.bustreoeassociati.com,n.d.,n.d.,n.d.,n.d.,n.d.,"Cognome ""Bustreo"" presente in ragione sociale",BASSA,https://www.bustreoeassociati.com/,seed-import
Servizi B2B/Consulenza,Consulenza internazionalizzazione/rapporti con l'estero,Studio CSI,Padova,https://www.studio-csi.it,n.d.,n.d.,n.d.,n.d.,n.d.,Consulenze e servizi di intermediazione per rapporti con l'estero,BASSA,https://www.studio-csi.it/servizi-offerti-aree-di-attivita-competenze-consulenze/rapporti-con-nazioni-estere/,seed-import
Servizi B2B/Consulenza,Studio di ingegneria,TEV Studio Ingegneria,Padova,https://www.studiotev.com,n.d.,n.d.,n.d.,n.d.,n.d.,Studio di ingegneria con sito in italiano/inglese,BASSA,https://www.studiotev.com/en/,seed-import
Agroindustria,Macchine e attrezzature agricole (rivendita),Agrimacchine Polesana S.r.l.,Rovigo,www.agrimacchinepolesana.it,0425 34318,info@agrimacchinepolesana.it,n.d.,n.d.,n.d.,"Rete commerciale con area manager nominativi (Ugo Braga, Alessandro Martini), reparti distinti Segreteria/Service & After Sales/Ricambi/Marketing",ALTA,https://www.agrimacchinepolesana.it/contatti/,seed-import
Agroindustria,Distribuzione sementi e fertilizzanti,Carla Import Sementi Srl,Rovigo,www.carlasementi.it,0425 30014,info@carlasementi.it,n.d.,n.d.,n.d.,"Ricerca attiva ""collaboratori di commercio per zone libere"" (rete agenti in espansione), rappresentante esclusivo Italia di Strube dal 1998, distributore BASF",ALTA,https://www.carlasementi.it/contatti.php,seed-import
Agroindustria,Trasformazione alimentare (ingredienti vegetali),Naturis S.p.A.,Rovigo,www.naturis.com,0425 363111,info@naturis.com,Humberto Preve,CEO,https://it.linkedin.com/in/humberto-preve-119223,"Distribuzione B2B mondiale a società alimentari internazionali leader, più reparti (produzione, R\&D, commerciale) coordinati",ALTA,https://naturis.com/,seed-import
Agroindustria,Vivaismo/filiera orticola,Rovigo Vivai,Rovigo,www.rovigovivai.it,0426 334718,info@rovigovivai.it,Gian Paolo Casarotto,Titolare,n.d.,"Serve l'intera filiera B2B (organizzazioni produttori, cooperative, consorzi, industrie di trasformazione); oltre 75 milioni di piantine/anno",ALTA,https://www.rovigovivai.it/chi-siamo/,seed-import
Agroindustria,Distribuzione agricola/consorzio,Villa Nani Soc. Agr. Coop.,Rovigo,villanani.it,0425 714850,info@villanani.it,Damiano Giacometti,Presidente,n.d.,"Cooperativa con oltre 500 aziende associate/clienti B2B, rappresenta brand Bayer, Syngenta, Pioneer, Landini, Maschio; reparto amministrazione dedicato",ALTA,https://villanani.it/la-cooperativa/,seed-import
Chimico/Petrolchimico,Chimica cosmetica - produzione cosmetici bio/naturali anche conto terzi,Bema Cosmetici Srl,Rovigo,https://www.bemacosmetici.com,0425 396000,commerciale@bemacosmetici.it,n.d.,n.d.,n.d.,"Portale B2B dedicato, ricerca agenti/distributori",ALTA,https://www.bemacosmetici.com/it/,seed-import
Chimico/Petrolchimico,"Vernici, pitture e smalti chimici",Colorificio Farp Srl,Rovigo,https://www.colorificiofarp.it,\+39 0425 474218,n.d.,Previa Previa,Amministratore Delegato,https://www.linkedin.com/in/previa-previa-205a72165/,Rete di agenti di zona con partnership internazionali,ALTA,https://www.colorificiofarp.it/,seed-import
Chimico/Petrolchimico,Detergenti industriali e professionali,Eurodet Srl,Rovigo,https://www.eurodet.it,\+39 0425 405615,info@eurodet.it,Claudio Fornaro,Fondatore/Titolare,n.d.,Rete di distribuzione nazionale/internazionale tramite agenti,ALTA,https://www.eurodet.it/azienda/,seed-import
Edilizia/Materiali da Costruzione,Impresa di Costruzioni / Sviluppo Immobiliare,Costruzioni Milan S.r.l.,Rovigo,https://www.costruzionimilan.it,\+39 0425 97572,info@costruzionimilan.it,Fabrizio Milan,Fondatore/Titolare,n.d.,"Sezione ""Vendite"" dedicata sul sito, portafoglio multi-cantiere attivo in contemporanea",ALTA,https://www.costruzionimilan.it/azienda,seed-import
Edilizia/Materiali da Costruzione,General Contractor / Impiantistica,Guerrato S.p.A.,Rovigo,https://www.guerrato.it,\+39 0425 473111,info@guerrato.it,n.d.,n.d.,n.d.,"Azienda storica (1935), General Contractor con reparti Progettazione integrata, Facility Management, Project Financing",ALTA,https://www.guerrato.it/,seed-import
Edilizia/Materiali da Costruzione,Vernici e Colorifici Industriali B2B,Nuovo Colorificio Zagato S.r.l. (NCZ),Rovigo,https://ncz.it,\+39 0425 474022,info@ncz.it,n.d.,n.d.,n.d.,"Organigramma pubblicato con ruoli distinti (Direzione, Amministrazione, Commerciali)",ALTA,https://ncz.it/chi-siamo/,seed-import
Metalmeccanica,Componentistica di precisione (torneria/fresatura conto terzi),Effe Emme 96 S.r.l.,Rovigo,https://www.effeemme96.it/,0425 467177,info@effeemme96.it,n.d.,n.d.,n.d.,"Sito bilingue IT/EN (segnale export), sezioni dedicate ai settori clienti",ALTA,https://www.effeemme96.it/,seed-import
Metalmeccanica,Componentistica di precisione (lavorazioni CNC/torneria),VF Meccanica,Rovigo,https://vfmeccanica.it/,0425 444956,vf@vfmeccanica.it,n.d.,n.d.,n.d.,"Clienti di prestigio citati (es. Ducati), attività dal 1968",ALTA,https://vfmeccanica.it/,seed-import
Metalmeccanica,Impiantistica metalmeccanica (oil\&gas/petrolchimico),Welding Duebi S.r.l.,Rovigo,https://weldingduebi.com/,0425 741050,info@weldingduebi.com,n.d.,n.d.,n.d.,Realtà di rilievo nazionale nell'impiantistica per industria petrolchimica e oil\&gas,ALTA,https://weldingduebi.com/,seed-import
Servizi B2B/Trasporti,Corriere espresso (agenzia in franchising GLS),Rodigina Expres S.r.l.,Rovigo,n.d.,\+39 0425 35585,n.d.,n.d.,n.d.,n.d.,Agenzia locale del network corriere GLS,ALTA,https://www.paginebianche.it/scheda/rovigo/gls-general-logistics-systems-italy.849780,seed-import
Servizi B2B/Trasporti,Autotrasporto conto terzi (GDO/alimentare),Rovigo Trasporti S.r.l.,Rovigo,https://www.rovigotrasporti.it,\+39 0426 346730,info@rovigotrasporti.it,Grandi Giuseppe,Fondatore,n.d.,"Clientela GDO ricorrente, sezione ""lavora con noi"" attiva",ALTA,https://www.rovigotrasporti.it/contatti.php,seed-import
Agroindustria,Alimentare biologico/bevande vegetali,Abafoods S.r.l.,Rovigo,www.abafoods.com,0425 156 0900,n.d.,n.d.,n.d.,https://it.linkedin.com/company/abafoods,"Portfolio multi-brand (Isola Bio, Bjorg, Cupper, Whole Earth) distribuito B2B a GDO/retail, certificazione B-Corp",MEDIA,https://www.abafoods.com/contacts/,seed-import
Agroindustria,Distribuzione mezzi tecnici agricoli,Agricola Mengolin Snc,Rovigo,www.agricolamengolin.it,0426 337053,info@mengolin.it,Paolo Boscolo,Titolare,n.d.,"Punto di riferimento storico (dal 1958) per gli agricoltori locali, gamma ampia (macchine, sementi, mangimi, ricambi) con assistenza tecnica dedicata",MEDIA,https://www.agricolamengolin.it/,seed-import
Agroindustria,Trasformazione alimentare (quinta gamma),Ghisetti 1870 S.r.l.,Rovigo,www.ghisetti.it,0425 590684,info@ghisetti.it,n.d.,n.d.,https://it.linkedin.com/company/ghisetti1870,"Linea dedicata FoodService per ristorazione B2B, capitale sociale 2 mln€, più linee prodotto (Verdure Grigliate, PrestoPronti, ProntoMix)",MEDIA,https://www.ghisetti.it/,seed-import
Agroindustria,Distribuzione prodotti ittici,Rivamar S.r.l.,Rovigo,www.rivamar.it,0426 346588,info@rivamar.com,n.d.,n.d.,https://it.linkedin.com/company/rivamar-s-r-l-,"Rete di punti vendita/rivenditori sul territorio segnalata sul sito (""negozi in cui trovare i prodotti Rivamar"")",MEDIA,https://www.rivamar.it/contatti/,seed-import
Agroindustria,Stoccaggio e commercio cereali,Roana Cereali Snc,Rovigo,www.roanacereali.com,0425 939033,info@roanacereali.com,Cristina Roana,Titolare (da ragione sociale),n.d.,"Impianti industriali (silos, essiccazione, pressatura, tostatura) al servizio di aziende agricole e allevamenti conferenti su base ricorrente",MEDIA,https://www.roanacereali.com/it/contatti,seed-import
Chimico/Petrolchimico,"Coloranti industriali, additivi e derivati del petrolio",GiEmme Srl,Rovigo,n.d.,0425 476327,n.d.,n.d.,n.d.,n.d.,Fornitore B2B a clienti industriali del comparto chimico,MEDIA,https://www.paginegialle.it/veneto/rovigo/prodotti\_chimici.html,seed-import
Chimico/Petrolchimico,Gomma industriale/elastomeri - tubi flessibili in gomma,Semperflex Roiter Srl,Rovigo,www.roiter.it,0425 410680,n.d.,n.d.,n.d.,n.d.,"50-249 dipendenti, produzione industriale B2B",MEDIA,https://www.impresaitalia.info/ik02797066/semperflex-roiter-srl/rovigo.aspx,seed-import
Chimico/Petrolchimico,"Rivestimenti chimici industriali (silicone, fluoropolimeri, sol-gel)",Silicon-Tech Srl,Rovigo,https://www.silicon-tech.eu,0425 1520002,info@silicon-tech.eu,n.d.,n.d.,n.d.,Laboratorio interno con spettrometro XRF,MEDIA,https://www.silicon-tech.eu/it/chi-siamo,seed-import
Chimico/Petrolchimico,Reagenti e prodotti chimici per laboratorio e industria,Titolchimica S.p.A.,Rovigo,https://www.titolchimica.it,\+39 0425 492644,n.d.,n.d.,n.d.,n.d.,"Azienda industriale dal 1981, formulazioni chimiche custom",MEDIA,https://www.titolchimica.it/it/chi-siamo,seed-import
Edilizia/Materiali da Costruzione,Laterizi e Prefabbricati,B.C.M. Laterizi S.r.l.,Rovigo,https://www.bcmlaterizi.com,\+39 0425 754134,bcmlaterizi@gmail.com,n.d.,n.d.,n.d.,"Produzione e commercializzazione B2B di solai, pannelli, tegole",MEDIA,https://www.bcmlaterizi.com/chi-siamo,seed-import
Edilizia/Materiali da Costruzione,Legname e Strutture in Legno per Edilizia,Cuccato Legno S.r.l.,Rovigo,https://cuccatolegno.it,\+39 0425 490776,info@cuccatolegno.it,n.d.,n.d.,n.d.,Ampio catalogo B2B per imprese edili e rivenditori,MEDIA,https://cuccatolegno.it/contatti,seed-import
Edilizia/Materiali da Costruzione,Materiali Edili e Noleggio Attrezzature,Edil Market S.r.l.,Rovigo,https://www.edilmarket-srl.it,\+39 351 6875669,edil.marketsrl@virgilio.it,n.d.,n.d.,n.d.,Vendita e noleggio materiale/attrezzatura edile,MEDIA,https://www.paginegialle.it/veneto/rovigo/materiali\_edili.html,seed-import
Edilizia/Materiali da Costruzione,Noleggio Attrezzature e Macchine Edili,Edil Padana Noleggi,Rovigo,https://edilpadananoleggi.com,\+39 0425 601933,info@edilpadananoleggi.com,n.d.,n.d.,n.d.,Ampio parco noleggio per cantieri edili,MEDIA,https://edilpadananoleggi.com/,seed-import
Edilizia/Materiali da Costruzione,"Materiali Edili, Noleggio e Assistenza Cantiere",Eurotre S.r.l.,Rovigo,https://www.eurotreedilizia.com,\+39 0425 35717,info@eurotreedilizia.it,n.d.,n.d.,n.d.,"Attività multi-servizio (vendita, noleggio, assistenza in cantiere)",MEDIA,https://www.eurotreedilizia.com/contatti,seed-import
Edilizia/Materiali da Costruzione,Prefabbricati in Cemento,Prefabbricati Albertin Fabrizio e Diego,Rovigo,https://www.albertinprefabbricati.com,\+39 0425 421939,albertin@aruba.it,Fabrizio Albertin e Diego Albertin,Titolari,n.d.,Produzione box e capannoni prefabbricati per clientela B2B,MEDIA,https://www.albertinprefabbricati.com/,seed-import
Metalmeccanica,Carpenteria metallica/prefabbricati in acciaio,Bedendo Prefabbricati,Rovigo,https://bedendoprefabbricati.eu/,0425 591102,info@bedendoprefabbricati.eu,n.d.,n.d.,n.d.,"Reparti distinti con mail dedicate (amministrazione, preventivi, tecnico)",MEDIA,https://bedendoprefabbricati.eu/carpenteria-metallica/,seed-import
Metalmeccanica,Carpenteria metallica,CM S.r.l. Carpenteria,Rovigo,https://cmsrl-carpenteria.it/,0425 444157,info@cmsrl-carpenteria.it,Antonio Culatti,Titolare,n.d.,Azienda di seconda generazione (27 anni di attività),MEDIA,https://cmsrl-carpenteria.it/,seed-import
Metalmeccanica,Meccanica di precisione/assemblaggio meccanico,Global-Mec S.r.l.,Rovigo,https://www.global-mec.com/,0425 659820,info@global-mec.com,n.d.,n.d.,n.d.,Blog tecnico attivo su meccanica di precisione e manutenzione industriale,MEDIA,https://www.global-mec.com/servizi/,seed-import
Metalmeccanica,Componentistica per veicoli (impianti frenanti/idraulici motociclistici),Grimeca S.p.A.,Rovigo,n.d.,\+39 0425 476000,n.d.,n.d.,n.d.,n.d.,Forma societaria S.p.A. con 7 linee telefoniche distinte,MEDIA,https://www.paginebianche.it/scheda/ceregnano/grimeca.13369071,seed-import
Metalmeccanica,Carpenteria metallica/saldatura industriale,Welding Professional S.r.l.,Rovigo,https://weldingprofessional.it/,\+39 392 4100655,weldingprofessionalsrl@gmail.com,n.d.,n.d.,n.d.,"Più linee di servizio coordinate (saldatura, satinature/lucidature, arredo in acciaio)",MEDIA,https://weldingprofessional.it/,seed-import
Servizi B2B/Trasporti,Consorzio/cooperativa di autotrasportatori,C.A.A.P. Soc. Coop,Rovigo,n.d.,\+39 0425 475155,n.d.,n.d.,n.d.,n.d.,Cooperativa con 2 recapiti telefonici pubblicati,MEDIA,https://www.paginebianche.it/scheda/rovigo/c-a-a-p-soc-coop.4101320,seed-import
Servizi B2B/Trasporti,Autotrasporto conto terzi,Casarolli Trasporti S.r.l.,Rovigo,n.d.,\+39 0425 1880592,n.d.,n.d.,n.d.,n.d.,Gruppo con più entità collegate,MEDIA,https://www.paginebianche.it/scheda/villamarzana/casarolli-trasporti-s-r-l\_21662523,seed-import
Servizi B2B/Trasporti,Autotrasporto conto terzi,Centro Servizi Trasporti S.r.l.,Rovigo,n.d.,\+39 0425 33562,n.d.,n.d.,n.d.,n.d.,3 recapiti telefonici distinti pubblicati,MEDIA,https://www.paginebianche.it/scheda/rovigo/centro-servizi-trasporti.494726,seed-import
Servizi B2B/Trasporti,Magazzinaggio e logistica industriale conto terzi (cooperativa),Consorzio Veneto Servizi Integrati Società Cooperativa,Rovigo,n.d.,\+39 0425 465065,n.d.,n.d.,n.d.,n.d.,Cooperativa di servizi logistici/magazzinaggio conto terzi,MEDIA,https://www.paginebianche.it/scheda/valmolin/consorzio-veneto-servizi-integrati.12775616,seed-import
Distribuzione,Distribuzione materiale elettrico/elettrotecnico,IDG 01 S.p.A.,Torino,https://www.idg01.com,+39 011 3987555,info@idg01.com,n.d.,n.d.,n.d.,"Rete di oltre 40 punti vendita tra agenti e filiali in Piemonte, Lombardia e Liguria; pagina Lavora con noi attiva",ALTA,https://www.idg01.com/chi-siamo/,2026-09-02
Distribuzione,Distribuzione materiali edili,Etercemento Srl,Torino,https://www.etercemento.it,+39 011 2622677,info@etercemento.it,n.d.,n.d.,n.d.,"Oltre 60 anni di attivita, sede 12.000 mq, rappresenta VELUX/Marazzi/Kerakoll/Buzzi",ALTA,https://www.etercemento.it/,2026-09-02
Distribuzione,Distribuzione forniture industriali e ferramenta tecnica,Sabafer S.r.l.,Torino,https://sabafer.it,+39 011 800 45 70,commerciale@sabafer.it,n.d.,n.d.,n.d.,"Quasi 40 anni di attivita, oltre 350.000 articoli, reparto brokeraggio/consulenza",MEDIA,https://sabafer.it/,2026-09-02
Distribuzione,Distribuzione ricambi auto e componenti industriali,D.R. Srl,Torino,https://drsrl.it,+39 011 5211515,info@drsrl.it,n.d.,n.d.,n.d.,"Attiva dal 1964, socia GroupAuto Italia, sede Torino + filiale Orbassano",MEDIA,https://drsrl.it/,2026-09-02
Distribuzione,Distribuzione componenti e sistemi per l'industria,RTI - Rappresentanze Tecnologie Impianti S.r.l.,Torino,https://www.rti-to.it,+39 011 700 053,info@rti-to.it,n.d.,n.d.,n.d.,"Divisioni Automazione/Motion/Strumentazione/Sistemi, annuncio lavoro commerciale interno attivo",ALTA,https://www.rti-to.it/contatti/,2026-09-02
Servizi B2B,Consulenza aziendale e direzionale,Studio Barale Consulenti di Direzione,Torino,https://www.studiobarale.it/,n.d.,consulenti@studiobarale.it,n.d.,n.d.,n.d.,"Dal 1946, rete di 8 sedi in Italia, reparti consulenza/formazione/temporary management/software",ALTA,https://www.studiobarale.it/,2026-09-02
Servizi B2B,Facility management,IGEA S.r.l. (Igea Facility Management),Torino,https://igeafacility.it/,011 19118532,info@igeafacility.it,n.d.,n.d.,n.d.,"Dal 1992, ISO 9001/14001/45001, 12 categorie servizio su 6 settori clienti",MEDIA,https://igeafacility.it/,2026-09-02
Servizi B2B,Servizi HR / payroll,HR Service Torino S.r.l.,Torino,https://www.hrservicetorino.it/,011 0364600,infohr@hrservicetorino.it,n.d.,n.d.,n.d.,"Zucchetti Service Partner, clienti su tutto il territorio nazionale",MEDIA,https://www.hrservicetorino.it/12/servizi,2026-09-02
Servizi B2B,Software gestionale / ERP,EGM Sistemi S.r.l.,Torino,https://egmsistemi.it/,011 2744969,egmsistemi@egmsistemi.it,n.d.,n.d.,n.d.,"Oltre 25 anni, moduli ERP per agenti/commissioni/rete commerciale, espositore fiera A&T 2026",ALTA,https://egmsistemi.it/,2026-09-02
Servizi B2B,Servizi IT / ICT gestiti,Axitalia S.r.l. a Socio Unico,Torino,https://axitalia.eu/,011 9989858,info@axitalia.it,n.d.,n.d.,n.d.,"Dal 2007, System Integrator ICT, ~5 dipendenti dichiarati, rete commerciale non documentata",BASSA,https://axitalia.eu/,2026-09-02
Software/Tech B2B,Consulenza ICT e sviluppo software su misura,Linear System S.r.l.,Torino,http://www.linearsystem.it,+39 011 4370111,info@linearsystem.it,n.d.,n.d.,n.d.,"Dal 1991, ~39 dipendenti, filiali Roma e Bari, clienti banking/gaming/tessile/BI",ALTA,http://www.linearsystem.it,2026-09-02
Software/Tech B2B,IT Consulting / SAP & ERP consulting,Data Network Consulting S.r.l. (DNC),Torino,https://www.dncsrl.com,+39 011 3040828,dnc@dncsrl.com,Antonella Rotundo,COO,https://www.linkedin.com/in/antonellarotundo/,"100-199 dipendenti, fatturato 2023 10.78M EUR, organizzazione multi-reparto",ALTA,https://www.dncsrl.com/contatti/,2026-09-02
Software/Tech B2B,Software gestionali ed ERP,Sistemi A.P.G. S.r.l.,Torino,https://www.sistemiapg.it,+39 011 4049111,n.d.,n.d.,n.d.,n.d.,"38 dipendenti (+12% YoY), fatturato 5.4M EUR (+2.7%), gruppo Sistemi UNO 9 aziende partner",ALTA,https://www.sistemiapg.it/contatti/,2026-09-02
Software/Tech B2B,Sviluppo software custom/infrastrutture IT/VoIP,S.H.T. Software House Torino Srl,Torino,https://www.shtsrl.com,+39 011 9842612,n.d.,Fabio Scaranello,Direttore Commerciale,https://it.linkedin.com/in/fabio-scaranello,"Dal 1980, 16-19 dipendenti, Direttore Commerciale dedicato",ALTA,https://it.linkedin.com/in/fabio-scaranello,2026-09-02
Software/Tech B2B,IT consulting/digital & AI transformation,Orbyta Tech S.r.l.,Torino,https://orbyta.it,+39 011 4627923,info@orbyta.it,Lorenzo Sacco,Founder & CEO,https://it.linkedin.com/in/lorenzo-sacco-2480567,"Gruppo Orbyta 280-350+ dipendenti, 4 sedi; dimensione al limite superiore del range PMI",MEDIA,https://www.ufficiocamerale.it/4956/orbyta-tech-srl,2026-09-02
Logistica,Trasporto intermodale (strada/ferrovia) e logistica internazionale,Ambrogio Trasporti S.p.A. (Ambrogio Intermodal),Torino,https://ambrogiointermodal.com,+39 011 965511,commercial.ga@ambrogiointermodal.com,Pieralberto Vecchi,CEO,https://it.linkedin.com/in/pieralberto-vecchi-362ab11a,"~400 dipendenti, fatturato ~80 mln EUR, nuovo terminal Domegliara",ALTA,https://ambrogiointermodal.com/en/contacts/,2026-09-02
Logistica,Spedizioni internazionali/logistica e deposito merci,UBV Torino S.r.l.,Torino,https://www.ubv.it,011 2239942,m.sani@ubv.it,Andrea Sani,President,https://it.linkedin.com/in/andrea-sani-ba769066,Gruppo UBV 16 filiali ~210 dipendenti; acquisizione ISL Nardi 2025,ALTA,https://it.linkedin.com/company/ubv-torino-s.r.l.,2026-09-02
Logistica,Logistica e trasporti nazionali/internazionali,Diesse International S.r.l.,Torino,https://www.diesseinternational.it,+39 011 2638260,n.d.,n.d.,n.d.,https://www.linkedin.com/company/diesse-srl,"3 magazzini Torino/Pianezza/Segrate, fatturato in crescita 2020-2023",MEDIA,https://www.logistica24.it/societa_di_logistica/scheda/diesse-srl/3894,2026-09-02
Logistica,Autotrasporto conto terzi (collettame/completo),Speed Trasporti S.r.l.,Torino,https://www.speedtrasportisrl.it,011 2072664,n.d.,n.d.,n.d.,https://it.linkedin.com/company/speed-trasport-srl,"Oltre 3 generazioni, due sedi operative, groupage Italia-Europa",MEDIA,https://www.ui.torino.it/public/Doc/00003943_Trasporti.PDF,2026-09-02
Logistica,Deposito merci conto terzi e trasporto GDO,F.lli Viotti & C. S.a.s.,Torino,https://www.fratelliviotti.it,n.d.,n.d.,Domenico Viotti,Titolare,n.d.,"70 anni di attivita, passaggio generazionale in corso, fit rete commerciale piu debole",BASSA,https://www.fratelliviotti.it/,2026-09-02
Agenzie/Rappresentanza commerciale,Rappresentanza plurimandataria materiale elettrico/automazione,D.G.E. RAPPRESENTANZE S.N.C.,Torino,https://www.agenziadge.it/,011 6964851,info@agenziadge.it,Marco Di Giovanni,Responsabile Commerciale Grossisti,https://www.linkedin.com/in/marco-di-giovanni-a033051aa/,"Dal 1965, 11 persone (5 ufficio + 6 agenti), 13 aziende mandanti",ALTA,https://www.agenziadge.it/,2026-09-02
Agenzie/Rappresentanza commerciale,Rappresentanza plurimandataria elettrico/automazione/impiantistica,BONGIORNI S.A.S.,Torino,https://www.bongiorni.it/,011 7496079,info@bongiorni.it,Mirko Bongiorni,Titolare,https://www.linkedin.com/in/mirko-bongiorni-b360489/,"Oltre 40 anni, team di 5, copertura Piemonte/Valle d'Aosta/Liguria, brand ABB/Cembre/D-Link",ALTA,https://www.bongiorni.it/,2026-09-02
Agenzie/Rappresentanza commerciale,Rappresentanza plurimandataria abbigliamento/moda/calzature,DFP SRL (DFP Rappresentanze),Torino,http://www.dfpstudio.it/,011 1983 2551,dfpagent@tin.it,Marco De Albertis,Titolare/Fondatore,https://it.linkedin.com/in/marco-de-albertis-7b66a591,"Dal 1982, showroom 700 mq, oltre 10 brand (North Sails, New Balance)",MEDIA,http://www.dfpstudio.it/,2026-09-02
Agenzie/Rappresentanza commerciale,Rappresentanza plurimandataria impiantistica elettrica industriale,DI DONATO RAPPRESENTANZE INDUSTRIALI,Torino,https://didonatorappresentanze.com/,011 0375444,info@didonatorappresentanze.com,Andrea Di Donato,Titolare,https://www.linkedin.com/in/andrea-di-donato-994618192/,"Oltre 20 anni, 7 agenti nominati sul sito, 8 brand mandanti",MEDIA,https://didonatorappresentanze.com/,2026-09-02
Agenzie/Rappresentanza commerciale,Rappresentanza plurimandataria riscaldamento/condizionamento/rinnovabili,CD RAPPRESENTANZE S.R.L.S.,Torino,https://www.agenziacd.com/,+39 393 9124042,info@agenziacd.it,Dante Cardillo,n.d.,https://www.linkedin.com/in/dante-cardillo-2487b5293,"Oltre 20 anni, 7 brand (Elbi, Wilo, Uponor, Beretta, Rhoss)",MEDIA,https://www.agenziacd.com/,2026-09-02
Agenzie/Rappresentanza commerciale,Agenzia assicurativa plurisede con rete di agenti e collaboratori,Reale Mutua Assicurazioni - Agenzia Aosta Grand Combin di Cretier Aurelio S.r.l.,Aosta,https://realevalledaosta.it,0165 261396,age111@realemutua.it,Aurelio Crétier,Agente titolare,n.d.,"Rete strutturata su 4 sedi periferiche (Saint-Pierre, Châtillon, Gressoney-Saint-Jean, subagenzia Valdigne) oltre alla sede principale di Saint-Christophe, passaggio generazionale in corso con l'agente Mélanie Crétier dal 2023, base clienti ricorrente da gestire su più uffici",ALTA,https://realevalledaosta.it/contatti/,2026-09-02
Agenzie/Rappresentanza commerciale,Agenzia generale assicurativa storica con rete di collaboratori commerciali,Assicuravda S.r.l. - Agenzia Generale Generali Italia Aosta Via Garin,Aosta,https://generaliaosta.it,0165 278111,agenzia.aostaviagarin.it@generali.com,n.d.,n.d.,n.d.,"Agenzia attiva dal 1936 con 17 professionisti tra dipendenti e collaboratori commerciali, gestione di clientela privati e business su più linee di prodotto",ALTA,https://generaliaosta.it/contatti.html,2026-09-02
Agenzie/Rappresentanza commerciale,Agenzia assicurativa plurimandataria con team di collaboratori,Cattolica Assicurazioni Aosta di Moussanet Nicole & C. S.a.s.,Aosta,https://www.agenziecattolica.generali.it/aosta,0165 364207,aosta@cattolica.it,Nicole Moussanet,Agente titolare,n.d.,"8 professionisti tra dipendenti di agenzia e collaboratori commerciali, attiva dal 2007, opera anche con una subagenzia a Verrès per servire più comuni della provincia",ALTA,https://www.agenziecattolica.generali.it/aosta/chi-siamo,2026-09-02
Agenzie/Rappresentanza commerciale,Agenzia assicurativa plurisede con team di agenti e collaboratori,Praetoria Assurances S.a.s. di Pieropan Renzo e Colletto Luca & C. - Agenzia ITAS Mutua Aosta,Aosta,n.d.,0165 262122,n.d.,Renzo Pieropan e Luca Colletto,Agenti titolari,n.d.,"Team di almeno 8 collaboratori/dipendenti nominati pubblicamente, rete su 2 subagenzie (Châtillon e Morgex) oltre alla sede di Aosta, gestione di una base clienti assicurativa ricorrente",ALTA,https://www.assicurazioni.it/praetoria-assurances-di-pieropan-renzo-e-colletto-luca-c-sas-darzw/,2026-09-02
Agenzie/Rappresentanza commerciale,Agenzia immobiliare strutturata con rete di agenti (anche immobili commerciali),Immobiliare Aosta Centro S.a.s.,Aosta,https://immobiliareaostacentro.it,n.d.,n.d.,Graziella Ciano e Stefano D'Agostino,Soci titolari,n.d.,"Team strutturato con più agenti immobiliari e una coordinatrice dedicata (Barbara Belmonte), gestisce compravendita e locazione di immobili residenziali, commerciali e seconde case su tutta la Valle d'Aosta",MEDIA,https://immobiliareaostacentro.it/agenzia/immobiliare-aosta-centro/,2026-09-02
Agenzie/Rappresentanza commerciale,Distributore/rappresentante per conto terzi nel settore beverage con rete agenti propri,Caves P. Janin,Aosta,https://www.cavespjanin.com,n.d.,n.d.,Annalisa Janin e Simone Clerin,Gestori/Titolari,n.d.,"Distributore all'ingrosso di bevande attivo dal 1979 con rete di 4 agenti sul territorio, 10 automezzi e 2 magazzini (1750 mq totali), copre Valle d'Aosta, Canavese e provincia di Torino",ALTA,https://www.cavespjanin.com/azienda/,2026-09-02
Agenzie/Rappresentanza commerciale,Agenzia assicurativa a conduzione familiare con collaboratori,Assicurazioni Vevey S.a.s. di Vevey Stefania e Vevey Luciano - Agenzia Groupama Aosta,Aosta,n.d.,0165 45288,n.d.,Stefania Vevey,Agente/Responsabile intermediazione,n.d.,"Agenzia attiva dal 1974 con collaboratori dedicati (Bonin Ethel, Praduroux Renato Ferdinando) oltre al nucleo familiare, gestione di una clientela assicurativa ricorrente",MEDIA,https://www.groupama.it/trova-agente/aosta/agenzia-aosta-n00459,2026-09-02
Agenzie/Rappresentanza commerciale,Agenzia assicurativa di piccole dimensioni con collaboratori,Cattolica Assicurazioni Aosta Monte Emilius - Omezzolli Soluzioni Assicurative,Aosta,n.d.,0165 43680,aostamontemilius@cattolica.it,n.d.,n.d.,n.d.,"3 professionisti tra dipendenti e collaboratori commerciali, attiva dal 1992, struttura più piccola rispetto alle altre agenzie assicurative del capoluogo",BASSA,https://www.agenziecattolica.generali.it/aostamonteemilius/chi-siamo,2026-09-02
Distribuzione,"Distribuzione prodotti alimentari (formaggi, salumi e generi alimentari) per rivenditori e canale Horeca",La Jolie Vallée Srl,Aosta,https://www.lajolievallee.it/,0165 363691,n.d.,n.d.,n.d.,n.d.,"catalogo di oltre 1500 referenze alimentari, servizio su tutta la Valle d'Aosta e parte del Piemonte (Canavese e Biellese), struttura logistica organizzata",ALTA,https://www.lajolievallee.it/,2026-09-02
Distribuzione,Distribuzione prodotti da banco (dolciumi e snack) per bar hotel ristoranti e tabaccherie,St. Orso Dolciumi di Vanelli Fabrizio e Bisazza Tiziano,Aosta,https://www.storsodolciumi.com/,0166 62635,storsodolciumi@gmail.com,Fabrizio Vanelli,Titolare/Socio,n.d.,"attiva dal 1978 nel canale Horeca, clientela ricorrente su tutta la regione, ufficio e deposito dedicati",ALTA,https://www.storsodolciumi.com/chi-siamo,2026-09-02
Distribuzione,Distribuzione B2B Horeca di surgelati gelateria pasticceria e caffè,Digel S.r.l.,Aosta,https://www.digel.it/,+39 0165 768888,info@digel.it,Christian Grigoletto,Amministratore e Socio,n.d.,"portale ordini B2B riservato ai clienti attivo 24/7, oltre 60 anni di attività, gestione strutturata di logistica e consegne",ALTA,https://www.smau.it/valle-daosta/speakers/christian.grigoletto,2026-09-02
Distribuzione,Grossista di birre vini acqua e bibite per Horeca e privati,B&B Distribuzione di Roberto Berton,Aosta,https://www.bebdistribuzione.it/,0166 62877,bb.distribuzione@libero.it,Roberto Berton,Titolare,n.d.,"attiva dal 1987, rete di consegne dirette a bar ristoranti pizzerie e locali, ampio assortimento prodotti",ALTA,https://www.bebdistribuzione.it/chi-siamo/,2026-09-02
Distribuzione,Distribuzione materiali e attrezzature per l'edilizia,Edildueci S.r.l.,Aosta,https://www.edildueci.com/,0165 903425,n.d.,n.d.,n.d.,n.d.,"circa 25 dipendenti (uffici, autisti, magazzinieri), due magazzini edili, punto di riferimento regionale per l'edilizia",ALTA,https://www.edildueci.com/chi-siamo.html,2026-09-02
Distribuzione,Distribuzione materiali edili pavimenti rivestimenti e vernici per professionisti e rivenditori,Edilaosta S.r.l. (BigMat Edilaosta),Aosta,https://edilaosta.bigmat.it/,0165 1853500,edilaosta@bigmat.it,Fabio Gerbi,Titolare,n.d.,"affiliata al consorzio nazionale BigMat, showroom e magazzino strutturati, clientela professionale ricorrente",ALTA,https://edilaosta.bigmat.it/it/content/252-le-persone,2026-09-02
Distribuzione,Distribuzione materiali edili e prefabbricati in cemento,Eteredile S.r.l.,Aosta,https://www.eteredile.it/,0165 765459,info@eteredile.it,n.d.,n.d.,n.d.,"20-49 dipendenti, fatturato circa 13 milioni di euro (2024), oltre 50 anni di attività, associata Confindustria Aosta",ALTA,https://www.confindustria.aosta.it/le-nostre-aziende-associate/eteredile-srl,2026-09-02
Distribuzione,Distribuzione ricambi auto meccanici elettrici e di carrozzeria,Arcauto S.n.c. di Bellon & C.,Aosta,https://www.arcautoaosta.it/,0165 367411,n.d.,n.d.,n.d.,n.d.,"azienda a conduzione familiare (famiglia Bellon), 11 dipendenti, attiva dal 1974, distributore di marchi primari (Bosch, Valeo, Gates)",ALTA,https://www.arcautoaosta.it/,2026-09-02
Distribuzione,Distribuzione ricambi auto moto e veicoli commerciali,Cicli Lucchini S.r.l. (Emporio dell'Auto),Aosta,https://www.emporiodellautoaosta.com/,0165 262306,lucchini.ciclo@ciclilucchini.com,Dario Buschino,Titolare,https://it.linkedin.com/in/dario-buschino-529a1693,"famiglia Buschino attiva dal 1963, doppio marchio e doppia rete di vendita, oltre 70 anni di storia",ALTA,https://it.linkedin.com/in/dario-buschino-529a1693,2026-09-02
Distribuzione,Distribuzione ferramenta articoli agricoli antinfortunistici edili e gas tecnici,Nuova Valfer S.r.l.,Aosta,http://www.nuovavalfer.it/,0165 361643,info@nuovavalfer.it,n.d.,n.d.,n.d.,"due sedi operative (Aosta e Pollein), vendita ingrosso e minuto B2B ad aziende e professionisti",ALTA,http://www.nuovavalfer.it/web/?page_id=21,2026-09-02
Distribuzione,Distribuzione ortofrutta per canale retail e ristorazione,Fratelli Bisson S.r.l.,Aosta,http://bisson.it/,0165 250115,n.d.,n.d.,n.d.,n.d.,"attività di ingrosso ortofrutticolo oltre al punto vendita diretto, gestione ricorrente di forniture a esercizi commerciali",MEDIA,https://aziende.virgilio.it/frutta-e-verdura/gressan-ao/bisson-fratelli_2,2026-09-02
Distribuzione,Distribuzione articoli professionali per agricoltura e giardinaggio,Agricenter S.n.c.,Aosta,https://agricenteraosta.it/,0165 267345,n.d.,n.d.,n.d.,n.d.,"oltre 45 anni di attività come punto di riferimento regionale, ma dimensione ridotta (circa 5 dipendenti) e rete commerciale non esplicita",MEDIA,https://agricenteraosta.it/contatti/,2026-09-02
Distribuzione,Distribuzione e fornitura di macchinari saldatrici utensili e ferramenta tecnica,Pinet Delio S.r.l.,Aosta,https://www.pinetdelio.com/,n.d.,n.d.,n.d.,n.d.,n.d.,"azienda di piccole dimensioni (3-5 dipendenti), attività orientata più a fornitura/installazione tecnica che a distribuzione pura, fit debole col profilo target",BASSA,https://www.pinetdelio.com/chi-siamo,2026-09-02
Logistica,Corriere e trasporto merci conto terzi,F.lli Magro di Magro Walter & C. - Autotrasporti e Autocorriere S.n.c.,Aosta,https://www.corrieremagro.it/,n.d.,n.d.,Amelia Magro,Amministratrice,n.d.,"Corriere di riferimento in Valle d'Aosta dal 1960, 18 dipendenti, rete di distribuzione capillare regionale con clienti B2B ricorrenti",ALTA,https://www.ufficiocamerale.it/2029/flli-magro-di-magro-walter-c-autotrasporti-e-autocorriere-snc,2026-09-02
Logistica,Spedizioniere doganale e logistica import/export,Centro Doganale Aosta S.r.l.,Aosta,http://www.centrodoganaleaosta.com/,0165 236421,n.d.,Sergio De Bona,Presidente,n.d.,"Attiva dal 1993 nell'autoporto di Pollein, servizi doganali e spedizioni per aziende import/export, base clienti B2B ricorrente",ALTA,https://www.paginegialle.it/pollein-ao/spedizioniere/centro-doganale-aosta_3,2026-09-02
Logistica,Trasporti e logistica conto terzi,CC-Factorylogistic di Carboni Corrado,Aosta,https://www.cc-factorylogistic.it/,0165 524159,n.d.,Corrado Carboni,Titolare,https://it.linkedin.com/in/corrado-carboni-6740ab205,"Azienda di logistica e trasporti attiva su tutta Europa dal 2020, sede a Quart (AO); struttura di piccole dimensioni, dati su organico non pienamente verificabili",MEDIA,https://www.cc-factorylogistic.it/,2026-09-02
Logistica,"Trasporti, traslochi aziendali e logistica conto terzi",TRAPI Traslochi e Trasporti di Raffaele Pisanu,Aosta,https://www.trapi.it/,348 101 6690,info@trapi.it,Raffaele Pisanu,Titolare,n.d.,"Sede nell'autoporto di Pollein, servizi di trasporto e movimentazione merci/traslochi per aziende, deposito e stoccaggio temporaneo",MEDIA,https://www.trapi.it/contatti/,2026-09-02
Logistica,"Traslochi e trasporti aziendali, movimentazione archivi e magazzini",Censi Traslochi e Trasporti (Censi Giuseppe & C. S.n.c.),Aosta,https://www.censitrasporti.it/,0165 361343,n.d.,Giuseppe Censi,Socio,n.d.,"Azienda familiare attiva dal 1974 in tutta la Valle d'Aosta, gestisce traslochi per uffici, aziende ed enti pubblici con servizi di deposito e movimentazione archivi",MEDIA,https://www.censitrasporti.it/,2026-09-02
Logistica,Distribuzione carburanti e logistica per riscaldamento/autotrazione,Dalle Petroli di Dalle Alberto e C.,Aosta,https://www.dallepetroli.it/,n.d.,n.d.,Alberto Dalle,Titolare,n.d.,"Oltre 40 anni di attività nella distribuzione di prodotti petroliferi in provincia di Aosta e nel Canavese, base clienti ricorrente B2B e privati",ALTA,https://www.paginebianche.it/valle-d'aosta/donnas/dalle-petroli-di-dalle-alberto-e-c.html,2026-09-02
Logistica,Distribuzione carburanti e combustibili per riscaldamento,Saint Vincent Petroli di Treves Piero Paolo e C. S.a.s.,Aosta,https://www.saintvincentpetroli.it/,n.d.,n.d.,Piero Paolo Treves,Titolare,n.d.,"Azienda familiare giunta alla terza generazione, 9 dipendenti, distribuzione capillare di carburanti in Valle d'Aosta con clientela ricorrente",ALTA,https://www.ufficiocamerale.it/4779/saint-vincent-petroli-di-treves-piero-paolo-e-c-sas,2026-09-02
Logistica,Distribuzione carburanti e idrocarburi,Villeneuve Petroli S.r.l.,Aosta,https://www.villeneuvepetroli.eu/,0165 95194,n.d.,n.d.,n.d.,n.d.,"Distribuzione di gasolio, benzina, GPL e combustibili in tutta la Valle d'Aosta, clientela B2B e privata ricorrente",MEDIA,https://www.villeneuvepetroli.eu/,2026-09-02
Logistica,Distribuzione carburanti e logistica energetica,Contoz S.r.l. Prodotti Petroliferi,Aosta,https://contozcombustibili.com/,0165 767917,amministrazione@contozcombustibili.com,n.d.,n.d.,n.d.,"Azienda giunta alla terza generazione, 9 dipendenti, fatturato oltre 24 milioni di euro, membro Confindustria Valle d'Aosta, ampia base clienti ricorrente in tutta la regione",ALTA,https://www.confindustria.aosta.it/le-nostre-aziende-associate/contoz-srl-prodotti-petroliferi,2026-09-02
Logistica,Distribuzione carburanti e gestione stazioni di servizio,Compagnia Valpetroli S.r.l.,Aosta,n.d.,0165 34609,segreteria@compagniavalpetroli.com,n.d.,n.d.,n.d.,"Membro Confindustria Valle d'Aosta, gestisce stazione di servizio con GPL, gasolio, benzina e colonnina elettrica, fatturato oltre 5 milioni di euro (2022)",MEDIA,https://www.confindustria.aosta.it/le-nostre-aziende-associate/valpetroli-srl-asu,2026-09-02
Logistica,Gestione centro logistico/multifunzionale e area doganale,Autoporto Valle d'Aosta S.p.A.,Aosta,n.d.,0165 40377,autoporto@autoportovda.it,n.d.,n.d.,n.d.,"Gestisce il polo logistico-commerciale Les Halles d'Aoste (180.000 mq) a Pollein con oltre 50 aziende insediate, ruolo di riferimento per la logistica regionale",MEDIA,https://www.paginebianche.it/scheda/pollein/autoporto-valle-aosta.4340098,2026-09-02
Logistica,Traslochi e trasporti per aziende e pubblica amministrazione,SO.TRA di Diana Ugolino & C. S.n.c.,Aosta,https://www.sotratraslochi.it/,n.d.,n.d.,Diana Ugolino,Titolare,n.d.,"Iscritta a ME.PA e ME.VA per servizi logistici alla Pubblica Amministrazione, base clienti B2B e PA in Valle d'Aosta",BASSA,https://www.sotratraslochi.it/dove-siamo/,2026-09-02
Logistica,Traslochi e trasporti nazionali/internazionali per aziende,Aosta Traslochi di Stevenin Edy e Pession Andrea S.n.c.,Aosta,https://www.traslocoaosta.it/,0165 239395,n.d.,Edy Stevenin,Socio,n.d.,"Offre trasporti nazionali e internazionali oltre a traslochi, servizio di smontaggio/rimontaggio mobili per clientela privata e aziendale",BASSA,https://www.ufficiocamerale.it/4060/aosta-traslochi-di-stevenin-edy-e-pession-andrea-snc,2026-09-02
Servizi B2B,Consulenza aziendale QHSE e sicurezza sul lavoro,Grange & Partners S.r.l. Sicurezza Integrata,Aosta,https://www.grangesicurezzaeambiente.com/,3248066511,n.d.,Antonella Grange,Amministratore Unico e Fondatrice,https://www.linkedin.com/in/antonella-grange/,"Consulenza direzionale integrata QHSE (sicurezza, ambiente, privacy, HACCP) per PMI, alberghi e commercianti in Valle d'Aosta e Liguria, team di professionisti qualificati e base clienti aziendale ricorrente",ALTA,https://www.confindustria.aosta.it/le-nostre-aziende-associate/grange-antonella-sicurezza-e-ambiente,2026-09-02
Servizi B2B,Consulenza aziendale e formazione sicurezza sul lavoro,Frareg S.r.l. (sede di Aosta),Aosta,https://www.frareg.com/it/azienda/sedi/sede-di-aosta/,+39 0953 288408,aosta@frareg.com,n.d.,n.d.,n.d.,"Sede operativa locale di società di consulenza e formazione aziendale multi-sede in Italia, attiva da quasi 30 anni, corsi di sicurezza/igiene sul lavoro erogati alle imprese del territorio",MEDIA,https://www.frareg.com/it/azienda/sedi/sede-di-aosta/,2026-09-02
Servizi B2B,Consulenza fiscale contabile e tributaria per aziende,CO.FI.AM. (Co.Fi.Am. A.G. S.r.l. Semplificata),Aosta,https://www.cofiamaosta.com/,0165 32239,segreteria@cofiam.it,n.d.,n.d.,n.d.,"Centro di consulenza fiscale/contabile/contrattuale attivo da oltre 30 anni in Valle d'Aosta, servizi continuativi rivolti anche ad aziende del territorio",MEDIA,https://www.cofiamaosta.com/contatti,2026-09-02
Servizi B2B,Broker assicurativo B2B per aziende,Area Insurance Brokers S.r.l.,Aosta,https://www.areainsurancebrokers.it/,+39 0165 41142,info@areainsurancebrokers.it,Alessandro Zucchi,Legale Rappresentante,n.d.,"Broker assicurativo attivo dal 1995 con oltre 25 anni di esperienza, più responsabili di intermediazione in organico (Rutigliani, Zucchi Alberto, Iacaccia) e portafoglio clienti aziendale ricorrente",ALTA,https://www.areainsurancebrokers.it/contatti/,2026-09-02
Servizi B2B,Agenzia assicurativa e broker per imprese,Unidea Broker S.r.l. (Unidea Assicurazioni Valle d'Aosta),Aosta,https://www.unideassicurazioni.it/,+39 393 6712 58,feo.unidea.aosta@gmail.com,Jean-Pierre Feo,Titolare/Agente,n.d.,"Agenzia assicurativa indipendente parte di rete con oltre 50 sedi in Italia, presenza dal 2023 ad Aosta con offerta assicurativa su misura per aziende",MEDIA,https://www.confindustria.aosta.it/convenzioni-regionali/unidea-assicurazioni-e-broker,2026-09-02
Servizi B2B,Facility management e manutenzione industriale,ASG - Aosta Servizi Generali S.r.l.,Aosta,https://www.asg-aosta.com/,+39 0165 302439,direzione@asg-aosta.com,n.d.,n.d.,n.d.,"Dal 2007 supporta la siderurgia italiana con manutenzione, pulizia industriale, montaggio impianti, facchinaggio e portineria; 100-199 dipendenti dichiarati, azienda associata Confindustria Valle d'Aosta",ALTA,https://www.confindustria.aosta.it/le-nostre-aziende-associate/aosta-servizi-generali-srl,2026-09-02
Servizi B2B,Impiantistica elettrica e manutenzione civile/industriale,Aimar Impianti S.r.l.,Aosta,https://aimarimpianti.it/,+39 0165 261992,n.d.,Matteo Aimar,Titolare,n.d.,"Azienda attiva dal 1980 in Valle d'Aosta, progettazione/installazione/manutenzione impianti elettrici civili e industriali, associata Confindustria Valle d'Aosta con base clienti aziendale ricorrente",ALTA,https://www.confindustria.aosta.it/le-nostre-aziende-associate/aimar-impianti-srl,2026-09-02
Servizi B2B,Impiantistica elettrica automazione e sicurezza,Cazzato & Ponza S.n.c.,Aosta,https://www.impiantielettrici-aosta.com/,0165 35883,n.d.,n.d.,n.d.,n.d.,"Quasi 40 anni di attività ad Aosta in impianti elettrici civili/industriali, automazioni, videosorveglianza e fotovoltaico, con collaboratori strutturati",MEDIA,https://www.paginebianche.it/valle-d'aosta/aosta/cazzato-e-ponza-impianti-elettrici.html,2026-09-02
Servizi B2B,Studio di ingegneria e progettazione per aziende,Studio Cometto S.r.l. a Socio Unico,Aosta,http://studiocometto.it/,0165 40159,info@studiocometto.it,Corrado Cometto,Direttore Tecnico,n.d.,"Società di ingegneria (non studio individuale) attiva dal 2003, associata Confindustria Valle d'Aosta, struttura organizzata in S.r.l. con progetti per committenza aziendale",MEDIA,https://www.confindustria.aosta.it/le-nostre-aziende-associate/studio-cometto-srl,2026-09-02
Servizi B2B,Studio tecnico di ingegneria civile e idraulica,Blanc S.r.l. STP (Studio Tecnico Blanc),Aosta,https://www.studioblanc.it/,0165 238562,blancufficio@gmail.com,Massimo Blanc,Socio/Ingegnere,n.d.,"Studio tra professionisti (non singolo libero professionista) attivo dal 1972, due soci ingegneri (Franco e Massimo Blanc) con clientela di imprese",BASSA,https://www.studioblanc.it/,2026-09-02
Servizi B2B,Consulenza IT e servizi informatici per aziende,D.S.C. Digital System Computers Vallée d'Aoste S.r.l.,Aosta,https://www.dscsrl.it/,0165 34825,dsc.vda.srl@gmail.com,n.d.,n.d.,n.d.,"Consulenza in organizzazione aziendale sistemistica, elaborazione dati e servizi ICT per imprese, associata Confindustria Valle d'Aosta, 1-15 dipendenti dichiarati",MEDIA,https://www.confindustria.aosta.it/le-nostre-aziende-associate/dsc-srl-digital-systems-computer-vallee-daoste,2026-09-02
Servizi B2B,Consulenza informatica e sviluppo software per aziende,Simant S.a.s. di Antonio Albace & C.,Aosta,http://www.simant.it/,0165 1825610,n.d.,Antonio Albace,Titolare,n.d.,"Consulenza informatica e sviluppo/gestione di procedure software gestionali per aziende, attiva dal 2006, associata Confindustria Valle d'Aosta",BASSA,https://www.confindustria.aosta.it/le-nostre-aziende-associate/simant-sas-di-antonio-albace-c,2026-09-02
Servizi B2B,Vigilanza privata e sicurezza per aziende,Istituto di Vigilanza Sécurité Valdôtaine (Diver S.r.l.),Aosta,n.d.,0165 554411,n.d.,n.d.,n.d.,n.d.,"Centro operativo attivo dal 1995 in Valle d'Aosta, servizi H24 di vigilanza armata/non armata, pattugliamento e trasporto valori per aziende, banche ed enti",ALTA,https://aostasera.it/notizie/pubbliredazionali/sicurezza-e-vigilanza-sempre-al-vostro-fianco-con-il-vostro-consulente-della-sicurezza-e-vigilanza-e-listituto-securite-valdotaine/,2026-09-02
Software/Tech B2B,Cloud hosting provider e sviluppo software gestionali/web marketing,Hextra S.r.l.,Aosta,https://www.hextra.it,0165 1773032,marketing@teamsviluppo.it,Cristiano Revil,Amministratore Unico,https://it.linkedin.com/in/cristianorevil,"Azienda strutturata con 9 dipendenti, tre linee di business (hosting cloud, sviluppo gestionali tramite la divisione Team Sviluppo, digital marketing), base clienti ricorrente per hosting/assistenza, fondatore premiato miglior imprenditore valdostano 2013",ALTA,https://www.ao.camcom.it/en/madeinvda/ricerca-imprese/hextra-srl,2026-09-02
Software/Tech B2B,Rivenditore/partner certificato software gestionali (Passepartout) e hardware per PMI,Valcaisse di Petey Fabrizio e C. S.a.s.,Aosta,https://www.valcaisse.com,0166 513691,info@valcaisse.com,Fabrizio Petey,Titolare,https://it.linkedin.com/in/fabrizio-petey-1a395373,"Unico partner Passepartout in Valle d'Aosta dal 1984, base clienti ricorrente con contratti di assistenza e supporto clienti 24/7 (WebCall), offre anche servizi web/e-commerce",ALTA,https://www.valcaisse.com/chi-siamo,2026-09-02
Software/Tech B2B,Consulenza informatica e system integration per gestionali aziendali (hardware+software),Soluzione S.r.l.,Aosta,https://www.soluzione-vda.com,0165 366926,soluzione@soluzione-vda.com,n.d.,n.d.,n.d.,"Attiva dal 1980, certificazione ISO 9001 dal 2001, sistemi client-server e reti aziendali con assistenza continuativa a clientela business ricorrente",MEDIA,https://www.soluzione-vda.com/,2026-09-02
Software/Tech B2B,"Consulenza informatica, gestione aziendale e forniture hardware/software B2B",Alchimie Mediali,Aosta,https://www.alchimiemediali.it,0165 34932,alchimed@alchimiemediali.it,Pierluigi Lasagna,Titolare,n.d.,"Attiva dal 1994 come riferimento IT per aziende, studi professionali e clientela grafica/fotografica in Valle d'Aosta, offre consulenza e gestione aziendale ricorrente",MEDIA,https://www.alchimiemediali.it/chi-siamo/,2026-09-02
